,Total Population (inhabitants),Percent Served
208,8473,0.141626342
234,19311,0.575423334
312,19955,0.075970935
390,413418,0.212878975
572,20230,0.247157687
624,233047,0.018464087
702,8378,0.168656004
728,18338,0.403860835
884,21331,0.1030894
910,6954,0.839660627
934,57537,0.241583677
1168,57294,0.243341362
1220,52262,0.080364318
1298,22178,0.160474344
1350,12807,0.650503631
1402,15627,0.699942407
1428,25613,0.195213368
1532,7006,0.149157865
1760,1025360,0.430340563
1812,33032,0.317601114
1864,52380,0.518900344
1916,3494,0.400686892
2150,9441,0.476644423
2280,73337,0.045720441
2410,7560,0.218915344
2462,17848,0.33617212
2488,35212,0.090338521
2540,25183,0.334034865
2670,11248,0.123221906
2696,75394,0.324959546
2722,6649,0.879981952
2774,47819,0.189443527
2800,10687,0.353981473
2930,61797,0.488130492
3112,44372,0.631028577
3164,65790,0.688341693
3294,21477,0.279368627
3632,28508,0.210467237
3840,16937,0.060105095
4179,2219580,0.219482064
4257,65040,0.113161132
4439,37193,0.134433899
4829,9187,0.045390225
4985,512902,0.107771075
5011,22053,0.014782569
5037,27906,0.010105354
5141,123096,0.011714434
5167,5488,0.336734694
5269,20347,0.314837568
5399,152327,0.352668929
5477,37441,0.022862637
5685,19479,0.616048052
5867,54648,0.382941736
5945,8837,0.641167817
6023,20449,0.10729131
6049,13240,0.056646526
6101,20392,0.496027854
6127,31209,0.010766125
6205,156975,0.708100016
6303,23437,0.566582754
6381,12329,1
6407,18531,0.367330419
6433,69662,0.317002096
6563,10129,0.215618521
6589,14222,1
6641,10130,0.187561698
6667,67335,0.067394371
6771,18911,0.02485326
6797,33567,0.466231716
6849,9058,0.060388607
6953,18427,0.123405872
7005,32006,0.348434668
7031,304302,0.412254931
7057,35382,0.063789497
7109,71487,0.066963224
7135,9703,0.218695249
7187,30906,0.524267133
7239,87458,0.469928423
7317,34882,0.516025457
7343,16753,0.385005671
7395,30862,0.043321885
7447,22093,0.249400263
7499,29070,0.354661163
7525,72545,0.427320973
7551,26318,0.02940953
7629,9316,0.164340919
7681,11200,0.258928571
7707,32576,0.822998527
7811,22762,0.013838854
7863,67013,0.03336666
7889,33398,0.046170429
7915,26035,0.229652391
8071,15717,0.450849399
8097,32191,0.250007766
8149,5351,0.516352084
8227,63591,0.431523329
8253,34886,0.312990885
8305,82432,0.461798816
8409,16446,0.162410313
8435,41901,0.130259421
8513,60858,0.136498077
8539,114396,0.108727578
8565,17845,0.448304847
8617,619609,0.547606636
8695,10575,0.822695035
8747,32596,0.829089459
8799,11259,0.300115463
8825,15234,0.102730734
8929,84928,0.505910889
8981,12987,0.137060137
9085,19786,0.230415445
9111,16230,0.873937153
9215,23404,0.440181166
9293,16403,0.074193745
9345,27003,0.66785172
9397,15650,0.389456869
9449,26963,0.066869414
9475,159923,0.606116694
9501,40333,0.495871867
9553,45922,0.289512652
9579,59435,0.176495331
9605,9911,0.417818585
9735,73524,0.149910233
9761,30747,0.034149673
9787,64646,0.266513009
9813,213685,0.795797552
9839,28684,0.380177102
9891,12242,1
9917,14452,0.18814005
9995,6596,0.513341419
10021,20398,1
10047,64455,0.619300287
10099,22754,0.059593918
10151,19316,0.931869952
10177,22337,0.425661459
10255,76795,0.944058858
10281,35883,1
10307,10298,0.744804816
10359,19843,0.926120042
10437,36116,0.009884816
10463,20388,0.959387875
10489,19030,0.329479769
10515,28740,0.04638135
10541,11016,0.417574437
10619,80635,0.077001302
10645,54673,0.290545608
10671,33746,0.275054821
10749,156126,0.805042081
10775,40651,0.631005387
10801,14557,0.210482929
10879,218162,0.861896206
11009,3693,0.54860547
11061,24032,0.138024301
11087,3975,0.172830189
11113,3758,0.116285258
11217,201635,0.434602128
11243,11499,0.414644752
11321,90162,0.628590759
11393,50161,0.278403541
11445,21432,0.712812617
11523,18602,0.043006128
11679,44793,0.318554238
11783,47126,0.535288376
11835,22716,0.792393027
11861,25894,0.156908936
11913,18474,0.139601602
11965,49278,0.188075815
12017,35440,0.388910835
12069,8889,0.396445044
12095,42251,0.350429576
12147,26970,0.556025213
12199,11417,0.060348603
12225,29410,0.34100646
12251,22282,0.351629118
12303,14079,0.69749272
12355,16472,0.525376396
12511,43783,0.046159468
12563,15443,0.398368193
12667,17511,0.184683913
12719,9071,0.457281446
12849,118516,0.336469337
12901,7394,0.075872329
12953,16984,0.097326896
13031,20098,0.155239327
13057,10394,0.505580142
13291,150658,0.621281313
13395,12179,0.168322522
13551,41170,0.611513238
13629,33468,0.013923748
13759,12932,0.23097742
13863,9442,0.755136624
13889,30857,0.052759504
13941,2886698,0.880458919
13993,14063,0.269714855
14019,27922,0.44663706
14071,10606,0.642749387
14097,37531,0.614558632
14149,39775,0.369805154
14227,28481,0.128155613
14253,10464,0.382262997
14279,60131,0.43455123
14305,102380,0.21642899
14331,53269,0.083857403
14435,14762,0.597480016
14487,40245,0.382855013
14539,37942,0.065942755
14643,44430,0.052532073
14825,79424,0.503223207
14851,40989,0.115226036
14929,14699,0.442206953
14955,81286,0.091540979
14981,13446,0.063959542
15007,135783,0.464586878
15059,9701,0.410782394
15085,23233,0.901906771
15163,20393,0.235374884
15241,21253,0.338775702
15267,16974,0.448921881
15293,162438,0.544312291
15345,22555,0.1972955
15371,15022,0.341632273
15449,50798,0.185243514
15501,19877,0.258590331
15631,18544,0.097174288
15657,16665,0.288028803
15683,20413,0.139420957
15735,97233,0.729999074
15813,9210,0.217155266
15839,12625,0.553188119
15891,43716,0.247140635
15943,341128,0.829594756
16099,15036,0.110401703
16125,63104,0.052706643
16151,54481,0.066665443
16203,11781,0.112978525
16229,7650,0.077908497
16307,7378,0.374085118
16359,80935,0.154296658
16385,74975,0.137845949
16489,11802,0.074648365
16567,24610,0.071921983
16645,61228,0.089860848
16671,22573,0.050192708
16697,22758,0.051278671
16723,15044,0.092727998
16749,35941,0.017027907
16775,53949,0.074811396
16801,32722,0.164140334
16827,54577,0.394708394
16853,49842,0.427490871
16879,63907,0.362354672
16905,27470,0.0847834
16931,77244,0.204663145
17113,72232,0.024615129
17139,20871,0.112644339
17191,365212,0.35286628
17217,25585,0.035489545
17321,23239,0.092990232
17347,75159,0.317061164
17373,133031,0.269831844
17399,18133,0.066287983
17477,7225,0.553633218
17503,54337,0.11892449
17555,24452,0.247259938
17581,2686612,0.553427514
17633,14134,0.073086175
17685,14407,0.046643993
17711,54962,0.033295732
17737,4814,0.100747819
17789,26290,0.075313808
17815,40784,0.057203805
17841,5132,0.178293063
17893,68529,0.076128354
17971,12629,0.852007285
18023,68162,0.267157654
18049,103074,0.156819372
18075,26187,0.095696338
18205,14326,0.68407092
18283,38325,0.012237443
18332,53067,0.702998097
18335,130539,0.200599055
18387,42215,0.038919815
18439,18147,0.013445749
18465,11492,0.393143056
18491,34636,0.450138584
18543,27181,0.338287775
18569,8130,0.58597786
18595,20087,0.099815801
18621,276264,0.233418035
18647,24892,0.338180942
18673,31492,0.444557348
18699,59890,0.265620304
18751,229458,0.318114862
18777,130346,0.089753425
18855,39044,0.128598504
18881,48168,0.056552068
18933,27462,0.128723327
19011,35480,0.010710259
19089,61738,0.022676472
19167,14549,0.088803354
19193,10941,0.042683484
19245,32408,0.275333251
19271,28673,0.148223067
19297,25833,0.028606821
19349,73188,0.022858939
19375,84554,0.402760366
19401,12288,0.231445313
19427,6549,0.620400061
19479,13439,0.083413944
19505,35304,0.116530705
19531,32992,0.177224782
19583,12252,0.066927849
19635,9143,0.623427759
19661,37900,0.693271768
19791,12347,0.133311736
19817,14958,0.054686455
19921,88321,0.151900454
19947,16147,0.283953676
20025,29146,0.018355864
20077,78882,0.170013438
20103,15788,0.012921206
20129,16635,0.033183048
20207,43711,1
20233,48131,0.162764123
20259,48869,0.130778203
20311,13044,0.06324747
20389,210711,0.965189288
20441,30807,0.063362223
20493,8573,0.019596407
20519,59062,0.063187837
20571,76537,0.199393757
20597,56291,0.021459914
20753,13915,0.085231764
20805,40903,0.460308535
20831,61410,0.29029474
20857,3055149,0.908999856
20883,30455,0.802232802
20909,10909,0.580713173
20961,29975,1
20987,14636,0.784367313
21013,7874,0.581661163
21039,29779,0.256019342
21065,7554,0.198570294
21091,103101,0.875811098
21117,12105,0.528707146
21143,31132,0.982911474
21169,44979,0.189977545
21195,15092,0.757884972
21221,9962,0.809877535
21247,12427,0.471795284
21271,210589,0.979600074
21297,383917,0.346949992
21323,37747,0.604312926
21349,123400,0.875599676
21375,31273,0.016851597
21427,4270,0.377985948
21453,33986,0.179868181
21505,22835,0.089467922
21531,21948,0.116274831
21557,12880,0.320341615
21577,31122,0.840530814
21603,126701,0.57357874
21655,12591,0.730680645
21681,8859,0.61474207
21707,13973,0.649967795
21733,13526,0.221795061
21759,14023,0.695928118
21785,34656,0.11164012
21811,10494,0.462835906
21863,31039,0.626308837
21889,12265,0.784508765
21915,16722,0.844695611
21941,10933,0.147900851
21967,176688,0.746689079
21993,15503,0.355415081
22019,38883,0.447727799
22043,16920,0.263770686
22069,12963,0.582426907
22095,26115,0.490752441
22121,18894,0.091616386
22147,5496,0.524745269
22173,17319,0.101449275
22199,15526,0.995040577
22225,50434,0.209025657
22251,23306,0.313224062
22277,26381,0.473901672
22329,22053,0.472588763
22355,7940,0.439924433
22405,19271,0.334284676
22483,41015,0.188638303
22509,23724,0.338939471
22535,8687,0.343041326
22561,38522,0.405612377
22587,10546,0.863834629
22613,132642,0.547104235
22639,12510,0.328617106
22663,527240,0.710560655
22689,30680,0.559680574
22713,21591,0.18155713
22739,25745,0.512060594
22765,79500,0.353559748
22791,9244,0.32475119
22817,14073,0.211326654
22841,501325,0.541179873
22867,365855,0.808385836
22893,8958,0.36726948
22917,20461,0.684033038
22943,22546,0.384236672
23047,217698,0.425038356
23123,6605,0.302800908
23175,8705,0.577713957
23277,391772,0.772860235
23329,21981,0.373913835
23355,590146,0.531576932
23381,2474,0.820533549
23433,3486,0.860585198
23511,7783,0.511242451
23563,10110,0.423244313
23693,30492,0.493342516
23745,25648,0.881940112
23847,5797,0.838364671
23873,9484,0.15489245
23977,12666,0.706616138
24029,8031,0.586850953
24055,16270,0.798647818
24081,19107,0.732925106
24107,93196,0.775247865
24283,20007,0.888688959
24387,110983,0.620004866
24465,22306,0.966331929
24517,10486,0.740701888
24543,72890,0.479503361
24673,9869,0.764616476
24699,60210,0.341853513
25011,12467,0.852009305
25167,123684,0.861768701
25291,71075,0.900893422
25317,1536097,0.927114629
25343,45296,0.37043006
25369,22381,0.731826102
25395,34202,0.516080931
25447,14207,0.69606532
25707,53259,0.757505774
25779,31499,0.485856694
25831,43622,0.533606896
25909,4475,0.753296089
25987,25681,0.841867529
26039,8960,0.658705357
26065,105809,0.958207714
26143,51338,0.2527952
26169,102065,0.909312693
26247,7402,0.926911646
26273,18371,0.819552556
26299,1621,0.605181986
26345,211508,0.20231386
26423,9363,0.654811492
26527,2583,0.483933411
26553,28793,0.622512416
26579,68154,0.986735922
26657,8047,0.418416801
26683,13672,0.449019895
26735,46548,0.753372862
26943,46730,0.349753905
27177,117703,0.337722913
27305,34430,0.384141737
27357,29392,0.80692025
27461,10140,0.976331361
27487,10980,0.754098361
27591,24548,0.70217533
27669,31686,0.3739822
27695,90640,0.943898941
27721,17860,0.826539754
27747,45633,0.234589004
27823,37414,0.72986048
27875,50701,0.878641447
27953,4612,0.25
27979,241518,0.661288186
28005,19947,0.786183386
28031,7632,0.63692348
28135,38808,0.968563183
28367,75829,0.561315592
28471,1345,0.867657993
28497,34157,0.868987323
28549,21920,0.386815693
28651,118451,0.084499076
28703,20816,0.666410453
28833,8186,0.74993892
28885,129823,0.654444898
29015,40840,0.6625857
29041,13818,0.026704299
29093,172135,0.506590757
29727,104790,0.046092184
29905,63217,0.072037585
30531,165525,0.05497659
30705,123116,0.092311316
30807,65544,0.057640669
30961,42527,0.094057893
30987,8484,0.054101839
31465,11387,0.26345833
31491,259337,0.303219363
31541,68723,0.045399648
32091,23482,0.405885359
32423,21080,0.254696395
32497,123747,0.391403428
32703,39191,0.301957082
32959,24092,0.088992197
33061,7070,0.01980198
33109,11261,0.710416482
33869,179028,0.391402462
33919,1108975,0.497784891
34021,4684,0.030315969
34317,8582,0.23304591
34369,170222,0.031793775
34519,59398,0.022980572
34725,7006,0.620896375
34751,23250,0.07716129
34777,13444,0.695923832
34803,3994,0.651977967
34829,9368,0.469684031
34855,13523,1
34881,1992,1
34907,4522,0.573861123
34933,19247,0.036681041
34959,13599,0.283697331
34985,25141,0.88099121
35011,5976,0.527443106
35063,3011,0.782464298
35089,35401,0.572752182
35115,80494,0.853094641
35141,6981,0.663515256
35167,42143,0.717153501
35193,7436,0.789133943
35219,19958,0.734492434
35245,14517,0.944892195
35271,5894,0.745503902
35295,8301,1
35321,10859,0.494520674
35347,3844,0.59157128
35373,15169,1
35399,3605,0.416088766
35425,4678,0.551517743
35451,41396,0.750120785
35477,12206,0.807062101
35503,8557,0.588991469
35527,11459,0.965616546
35553,9275,0.668463612
35579,1587,0.504095778
35631,2059,0.797474502
35657,36712,0.446148398
35683,117825,1
35735,8453,0.378563823
35761,6931,1
35787,2835,0.747795414
35813,9401,0.816721625
35839,107337,0.935595368
35865,10883,0.789947625
35891,40380,0.909435364
35943,2704,0.861686391
35969,5269,0.379578668
35993,17862,1
36019,14270,0.911002102
36045,12678,0.303044644
36071,4851,0.068027211
36097,19199,0.781290692
36123,7803,1
36149,23898,0.850029291
36175,4766,0.445237096
36201,5778,0.906195916
36227,32866,0.89499787
36279,138204,0.827306011
36331,20897,0.959850696
36357,10262,0.937439096
36409,2521564,0.936961346
36435,26994,0.835481959
36461,7719,0.999611349
36487,11872,0.382243935
36537,4607,0.233340569
36563,444784,0.753412893
36589,3329,0.557524782
36667,40219,0.835774137
36693,5089,0.766358813
36719,50256,0.79248249
36745,51028,0.862252097
36771,6459,1
36797,4244,1
36823,6133,0.43486059
36849,14862,0.996837572
36875,10537,0.517130113
36901,17607,0.821832226
36927,6860,0.351166181
36953,5444,0.718405584
37003,19614,0.679157744
37029,14949,0.537092782
37055,6288,0.534033079
37081,16748,0.200561261
37105,32405,0.502237309
37206,14410,0.763358779
37209,40666,0.419933114
37235,10991,0.497770903
37261,10353,0.542644644
37311,25013,0.25582697
37387,14075,0.549058615
37413,3591,0.949317739
37439,11579,0.867346058
37491,2706,0.885070214
37517,11749,0.682781513
37543,45047,0.901369681
37569,5541,0.703844071
37595,3974,0.533467539
37621,14541,0.369231827
37647,2869,0.462181945
37673,21801,0.54254392
37699,29814,1
37777,16762,0.757367856
37803,21054,0.529780564
37829,19752,0.656743621
37879,54186,0.950669915
37905,11651,0.870311561
37931,8269,0.719192164
37957,15563,1
37983,28842,1
38009,4548,1
38061,5594,0.727922774
38087,14888,0.781031703
38137,5451,0.997615116
38163,4634,0.410012948
38189,38057,0.678061855
38215,6890,0.068940493
38241,9826,0.190209648
38267,16234,0.931871381
38293,5514,0.746100834
38319,15313,0.377718279
38345,8663,0.794528454
38371,9308,0.499570262
38397,23780,0.049831791
38423,3166,0.157927985
38449,25669,0.994039503
38475,33011,0.585017116
38501,92603,0.600228934
38527,9414,0.591353304
38553,6792,1
38579,18674,0.549748313
38605,2646,0.502645503
38631,12182,0.639714333
38657,11511,0.855268873
38683,14947,0.741018265
38709,22693,0.793592738
38735,30334,0.754071339
38761,21268,0.647827722
38787,19559,1
38813,10066,0.618120405
38865,3597,0.73589102
38891,4461,0.349473212
38943,3092,0.339586028
38969,17740,1
38995,75540,0.611133174
39021,5421,0.752259731
39071,6257,0.160460284
39097,4965,0.161933535
39121,21610,0.851781583
39147,1157,0.579948142
39199,10346,0.325729751
39225,3186,0.62774639
39251,5699,0.570275487
39327,2671,0.898539873
39353,6799,0.998235035
39379,4853,0.309087163
39405,7514,0.270827788
39431,28859,0.789978863
39457,7594,0.790097445
39509,3120,0.506410256
39535,6774,0.328018896
39561,10322,0.631273009
39587,3946,0.429042068
39613,28346,0.953220913
39639,2813,1
39665,4578,0.664482307
39691,17503,0.490715877
39717,5533,0.321344659
39743,13684,0.99663841
39769,11748,0.781920327
39843,12082,0.71776196
39869,55309,0.64457864
39895,5046,0.355330955
39921,6969,0.692064859
39947,129606,0.751138065
39973,22949,1
39999,1784,0.549887892
40025,668949,0.816715475
40051,9128,0.762489045
40077,26611,0.193190786
40103,8897,0.351803979
40129,3542,0.802653868
40155,23668,0.581460199
40181,9943,0.50447551
40207,27966,0.6733176
40233,110290,0.770169553
40259,9215,0.358762887
40285,3090,0.719093851
40311,3441,0.544318512
40337,3191,0.955813225
40363,3694,0.25175961
40389,6382,0.681134441
40413,2728,1
40439,4423,0.765317658
40465,6760,0.165236686
40489,12931,0.980589282
40515,5982,0.223671013
40567,10226,1
40593,5054,0.626236644
40645,15474,0.813945974
40671,5005,1
40695,7799,0.641107834
40719,80616,0.741341669
40745,5421,0.719055525
40771,8016,0.374251497
40797,7131,0.50175291
40823,10768,0.936942793
40847,5029,0.85344999
40873,7255,0.525982081
40899,2884,0.45665742
40925,47825,0.680543649
40951,3790,0.417150396
40977,7609,0.819950059
41003,3424,0.876168224
41029,19976,0.446786143
41055,4974,0.794129473
41081,7614,0.656685054
41107,240408,0.851968321
41157,6025,0.80846473
41183,11211,0.277941308
41209,3655,0.328317373
41233,5048,0.832012678
41259,4451,0.378566614
41285,5232,0.993883792
41311,2997,0.702369036
41337,6619,1
41363,10223,0.909419935
41415,13427,0.777016459
41441,4230,0.80212766
41493,1912,1
41545,28320,0.793679379
41571,11202,0.40171398
41597,7241,0.343737053
41623,5377,0.751534313
41649,15380,0.68283485
41675,18958,0.865070155
41701,71551,0.140724798
41753,31610,0.025972793
41779,4710,1
41805,11386,0.702617249
41857,3491,0.498997422
41883,8018,0.360189573
41961,36951,0.646721334
41987,2376,0.330387205
42065,7504,0.597947761
42117,3466,0.663589152
42143,9696,0.196575908
42169,11054,0.461823774
42195,7533,0.812956326
42221,67822,0.880672938
42273,4437,0.719855758
42299,2967,0.928547354
42325,10321,0.145334754
42351,5242,0.240366272
42377,5338,0.413450731
42401,26369,0.526299822
42427,5869,0.338728915
42479,3487,0.573558933
42503,18492,0.6951114
42529,4561,0.484542863
42579,60012,0.777311204
42605,4392,0.289845173
42681,3164,0.331542351
42705,3378,0.731793961
42729,3990,0.852130326
42753,4355,0.123076923
42779,6171,0.59147626
42805,11818,0.676933491
42831,281046,0.968343261
42857,15890,0.173316551
42909,34573,0.813148989
42935,14258,0.517183336
42961,10315,0.288221037
43011,19017,0.930746174
43037,8918,0.999215071
43063,3775,1
43089,6569,0.49520475
43115,52078,0.828718461
43141,7051,0.568997305
43167,8105,0.73719926
43193,8343,0.485197171
43219,5577,1
43245,6591,0.749810347
43271,11045,0.704843821
43297,5010,1
43323,25358,0.864934143
43349,8437,0.227213465
43399,13986,0.613184613
43425,182153,0.688564009
43451,3492,0.700744559
43477,2996,1
43503,12097,0.118707117
43529,43817,0.416459365
43555,11005,0.828714221
43581,7923,0.93398965
43607,6610,0.956580938
43633,12444,0.807778849
43659,6940,0.792507205
43709,7339,0.137893446
43733,6951,0.641634297
43759,2776,0.619956772
43785,24079,0.27634038
43863,18769,0.904150461
43889,20000,0.76585
43915,265409,0.918506908
43941,4225,1
43967,10118,0.554951571
43993,7027,0.797637683
44019,120904,0.911905313
44045,11576,0.622926745
44071,52446,0.85415475
44123,18164,0.311660427
44149,13435,1
44175,12836,0.321361795
44201,97334,0.78221382
44227,34936,0.576654454
44279,23209,0.741264165
44305,2056,0.462062257
44331,10157,0.915624692
44357,15714,0.686394298
44383,15423,1
44409,12244,1
44435,21029,0.336012174
44461,15379,0.855322193
44487,21761,0.567712881
44513,9881,0.425260601
44539,11252,0.98302524
44565,16199,1
44591,93847,0.934531738
44643,15022,0.340766875
44669,6063,0.562757711
44695,105255,0.958358273
44721,6000,0.744833333
44747,39690,0.810430839
44773,3768,0.68604034
44799,20418,0.388431776
44825,12323,0.440558306
44851,7691,0.622805877
44877,26264,1
44903,3142,0.711012094
44929,39388,0.16748756
44981,72018,0.235538338
45007,67852,0.146480575
45033,4384,0.647354015
45083,4852,0.630049464
45109,7738,0.520547945
45133,12315,0.564352416
45211,25474,0.457839366
45237,4780,0.648953975
45263,15455,0.461015852
45289,4476,0.38002681
45315,80416,1
45341,47726,0.677282823
45367,4727,0.204992596
45419,4487,0.368620459
45443,4889,0.58110043
45467,5050,0.574257426
45491,27392,0.317903037
45517,573285,0.936005652
45543,4345,0.423935558
45569,10681,0.488624661
45595,5715,0.049343832
45619,18193,0.204034519
45645,7600,0.763157895
45671,52711,0.977253325
45697,4082,0.441450269
45723,13063,0.922912042
45749,18111,0.924521009
45801,65657,0.486239091
45827,19918,0.496284768
45853,20907,0.762663223
45905,6833,0.999121908
45957,104783,0.863231631
45983,3226,0.595784253
46009,4920,0.268699187
46033,52640,0.99224924
46085,16724,0.92699115
46111,7589,0.689418896
46137,9714,0.198785258
46163,6258,0.294503036
46211,5438,0.768297168
46237,18257,0.999616585
46263,7111,0.999859373
46289,42413,1
46315,5109,0.82305735
46341,18602,0.56273519
46367,6554,0.063930424
46393,18226,0.106825414
46419,91169,1
46445,22802,0.766599421
46471,27647,0.980612725
46497,8046,0.683569476
46523,12901,0.926052244
46549,14056,0.53720831
46575,61288,0.799993473
46601,4097,0.829875519
46627,15619,0.62231897
46651,2987,0.703046535
46677,4034,0.710213188
46703,2728,0.696480938
46729,13443,0.47920851
46779,8644,0.782392411
46805,4436,0.676284941
46831,31364,0.397557709
46883,14548,0.965905966
46935,19005,0.697500658
46961,12412,0.197389623
46987,38151,0.602631648
47013,3741,0.895482491
47039,3832,0.565501044
47065,20759,0.665735344
47117,10758,1
47143,5546,0.5409304
47169,31497,0.270374956
47195,3893,0.909324428
47221,13620,0.317988253
47349,7554,0.793354514
47401,8727,0.751460983
47427,14747,0.053366786
47453,21236,0.735355057
47479,20696,0.05174913
47505,13152,0.045620438
47531,47931,0.841042332
47557,4923,0.312817388
47581,21513,0.735648213
47607,413487,0.84918752
47633,24029,0.748553831
47659,8315,0.310282622
47685,8910,0.514253648
47763,5994,1
47789,109392,0.925168202
47815,26961,0.288045696
47841,20545,0.924799221
47893,40665,0.606541252
47919,7051,0.760743157
47967,4728,0.449450085
47993,8660,0.762124711
48019,26826,0.931931708
48069,3128,0.351023018
48093,17551,1
48119,96157,0.218060048
48145,3573,0.512734397
48171,15800,0.857848101
48197,7497,0.23155929
48247,105520,0.732211903
48273,5732,0.604849965
48299,31335,0.321397798
48325,10778,0.380404528
48349,5324,0.097483095
48373,1720,1
48423,2809,0.887860449
48449,41840,1
48475,2130,1
48501,3152,0.551713198
48527,4663,0.721423976
48551,8079,1
48575,39867,0.851456092
48601,33791,1
48627,74558,0.636994018
48653,5914,0.525870815
48679,6423,0.592090923
48755,8296,0.845829315
48857,5349,0.579547579
48883,15800,0.840886076
48909,93862,0.730316848
48935,94808,0.99126656
48961,21605,0.823837075
48987,21221,0.988643325
49013,24700,0.87854251
49039,1633,0.304960196
49091,8057,0.778949981
49143,115337,0.939689779
49193,153585,0.87361396
49219,91449,1
49323,8419,0.53284238
49349,17537,0.570222957
49375,24329,0.671873073
49401,7128,0.437991021
49451,3974,0.503271263
49477,2532,0.593601896
49503,11146,0.42939171
49529,12212,0.102030789
49555,3643,0.838594565
49581,64712,0.62560267
49607,1806,1
49659,4432,0.579873646
49685,11755,0.999234368
49711,16321,1
49737,21485,0.742518036
49763,6773,1
49787,4256,0.904605263
49813,2733,0.587998536
49889,4466,0.992386923
49941,8688,0.863259669
49967,4986,0.933012435
50015,6398,0.411534855
50041,6348,0.722274732
50067,17634,0.283543155
50093,5488,0.632835277
50119,8640,0.614699074
50145,10772,0.683717044
50171,56640,0.464283192
50197,10759,0.916163212
50223,28215,1
50249,34918,0.895898963
50275,12292,0.976244712
50301,16846,0.579662828
50327,168641,1
50353,8359,0.606053356
50379,32035,0.848977681
50405,59875,1
50431,4283,0.210133084
50479,37864,0.194960913
50531,16616,0.443428021
50557,152549,0.878026077
50609,9080,0.689317181
50635,28017,0.785237534
50661,8566,0.796054168
50687,3631,0.538694574
50713,5341,0.26474443
50739,3606,0.479755962
50765,3001,0.688103965
50791,19627,0.672491975
50817,10834,0.525659959
50843,3584,0.190011161
50869,1943,0.509521359
50895,16429,0.708138049
50921,23711,0.775083295
50947,10520,0.880798479
50973,7201,0.666574087
50997,11540,0.316811092
51023,17396,0.453380087
51049,4817,0.639194519
51101,9476,0.282081047
51127,338197,0.700053519
51153,4047,0.926118112
51179,10420,0.873896353
51205,13473,0.572997848
51231,2620,0.988549618
51257,5133,0.377556984
51283,5402,0.395964458
51387,31045,0.128297632
51413,14332,0.983812448
51439,17959,0.875048722
51491,12739,0.427035089
51543,2320,0.892241379
51569,8224,0.989907588
51621,4622,0.653396798
51645,5798,0.323732321
51671,10256,0.750780031
51697,137125,0.640277119
51723,15416,0.436818889
51749,26374,0.998635019
51775,41699,0.661478693
51827,31604,0.887482597
51929,8664,1
51953,4107,0.432675919
51977,4725,0.561693122
52055,6386,0.350610711
52079,14255,0.98211154
52105,220444,0.68131589
52131,16302,0.466200466
52183,5217,0.609545716
52209,14611,0.444528095
52235,7073,0.745935247
52261,3891,0.835260858
52287,7589,0.368955067
52339,2476,0.739499192
52391,8667,0.6105919
52417,35369,0.85959456
52469,3765,0.743691899
52495,8924,0.493388615
52547,4863,0.799917746
52573,7268,0.729223996
52599,5457,0.405534176
52625,43753,0.798459534
52677,19872,0.992854267
52703,18613,0.875570838
52807,11604,0.965184419
52833,28427,0.805923946
52859,7297,0.194737563
52935,46421,0.537364555
52961,5349,0.988035147
53037,17327,0.607548912
53063,3362,0.460142772
53087,56477,0.301273085
53113,6520,0.718251534
53139,6274,1
53165,4800,0.36625
53217,3910,0.306905371
53243,4059,0.657797487
53267,8459,0.415415534
53293,12597,0.931729777
53319,11019,0.991015519
53345,3173,0.656476521
53371,25561,0.748210164
53397,35782,0.86473646
53423,7498,0.80021339
53473,2746,0.983248361
53499,25098,0.081480596
53549,90497,0.940760467
53575,11674,0.410142196
53601,5918,0.357215275
53677,23709,0.267155932
53703,15767,0.672290226
53729,26447,0.680984611
53755,32148,0.278959811
53779,7480,0.969919786
53803,24135,0.546550653
53829,4280,0.747663551
53855,5079,0.340224454
53881,4210,0.725890736
53907,3856,0.56120332
53959,6431,0.254548282
54011,46202,0.923964331
54063,4610,1
54115,5202,0.38638985
54141,12529,0.170005587
54167,7076,0.522752968
54193,5552,0.991354467
54219,3024,0.531415344
54267,9963,0.200742748
54293,6863,0.600174851
54319,71445,0.841752397
54371,2250,1
54397,7120,0.632022472
54423,10960,0.507481752
54449,7000,0.783571429
54475,7815,1
54501,6989,0.513235084
54527,6361,0.361578368
54553,33413,0.80172388
54601,5361,0.994217497
54627,2003,1
54653,7858,0.551412573
54679,1461,0.36550308
54705,4105,1
54731,5786,0.57293467
54783,10467,0.448457056
54835,1854,0.846817691
54861,4292,0.252329916
54887,776,0.619845361
54913,8713,0.348674395
54939,11668,0.992629414
54965,7668,0.86724048
55041,20940,0.380181471
55067,241835,0.964368268
55093,12378,0.175553401
55117,2264,0.651060071
55143,6248,0.603233035
55169,2618,0.998854087
55195,19736,1
55247,6189,0.662627242
55299,34397,0.406285432
55325,3101,0.447920026
55375,1872,0.579059829
55401,4099,0.234203464
55427,14302,0.560690812
55479,140937,0.613841646
55505,90568,0.858250155
55531,8072,0.484762141
55583,16715,0.996111277
55659,7850,0.80343949
55685,80032,0.78189974
55711,32716,0.651485512
55737,56940,0.996206533
55789,25398,1
55815,20125,0.590906832
55867,116797,0.736414463
55919,12493,0.534379252
55945,337092,0.985001127
55971,699097,0.982229934
55997,2596,0.164483821
56023,84930,0.724019781
56049,4284,0.517973856
56073,3260,0.449386503
56123,17173,0.07220637
56149,6470,0.738485317
56173,2148,1
56223,136602,0.905755406
56273,39803,0.232997513
56299,19305,0.071898472
56325,20642,0.694990795
56375,5727,0.677492579
56399,4045,0.94684796
56425,4846,0.394345852
56449,129765,0.797279698
56475,79388,0.829999496
56501,3589,0.874895514
56527,13740,0.465647744
56579,10484,0.967665013
56605,5340,1
56631,42965,0.696660072
56657,5261,0.988405246
56735,5417,0.672697065
56761,39826,0.286973334
56787,25237,0.220271823
56813,9076,0.204605553
56839,10932,0.485821442
56865,9020,0.355764967
56891,26069,0.201081745
56917,48029,0.154281788
56943,12332,0.100551411
56995,23325,0.2686388
57021,11349,0.613446119
57047,24735,0.245279968
57073,7838,0.709109467
57099,22190,0.808472285
57125,11853,0.550156079
57151,30593,0.181217926
57177,13693,0.607098517
57203,906092,0.871703977
57229,6182,0.211582012
57255,22002,0.177211163
57281,25865,0.741774599
57307,6054,0.218037661
57333,15352,0.394541428
57359,112058,0.520293063
57385,21142,0.804559644
57411,33459,0.120117158
57437,12984,0.023259396
57463,11467,0.404290573
57489,5975,0.162343096
57515,225495,0.729860973
57541,12400,0.226532258
57567,19170,0.303651539
57593,3059,0.047074207
57610,9950,0.150753769
57636,9824,0.380802117
57662,16176,0.132109298
57688,7588,0.096072746
57714,25162,0.066131468
57792,9243,0.070431678
57844,26238,0.38112661
57870,4021,0.457100224
57896,6787,0.209665537
57922,23689,0.205074085
57948,7419,0.144898234
57974,48022,0.233726209
58000,28220,0.308540043
58052,55689,0.409003573
58078,13862,0.232001154
58104,22430,0.095051271
58130,55224,0.335759815
58191,42276,0.743589744
58217,14404,0.386628714
58243,7621,0.109434457
58269,93937,0.53352779
58295,17298,0.640652099
58321,24966,0.461467596
58347,38186,0.239590426
58399,19973,0.13302959
58451,7900,0.30443038
58477,27221,1
58555,59245,0.112060089
58607,11674,0.318057221
58659,22269,0.152813328
58685,123281,0.934539791
58711,6109,0.086102472
58763,26204,0.015570142
58789,51959,0.408572143
58815,19385,0.051379933
59023,16951,0.206477494
59075,22714,0.018050542
59127,35307,0.264820007
59153,61135,0.751140918
59179,6706,0.498359678
59225,94861,0.070777242
59327,45740,0.651005684
59481,12245,0.702572479
59533,33649,0.42274659
59605,31510,0.346715328
59677,618124,0.637509626
59749,22178,0.392280638
59927,36130,0.209106006
60143,8582,0.502097413
60169,35121,0.390080009
60195,41101,0.050996326
60299,67620,0.466666667
60403,27941,0.279374396
60829,20944,0.59921696
60925,4938,0.456662616
61003,17446,0.45557721
61029,35338,0.478465108
61159,45774,0.540612575
61237,12097,0.306026288
61315,63092,0.847809548
61419,2422,0.70685384
61491,236042,0.948424433
61661,3155,0.110935024
61811,18846,0.122519368
61933,146005,0.488928461
61959,92769,0.34082506
62011,105711,0.279308681
62165,3126,0.233525272
62185,287526,0.298797326
62237,16271,0.122918075
62471,115969,0.319982064
62523,535547,0.301809178
62727,127027,0.113613641
62753,1499641,0.171404356
63113,38103,0.656116316
63189,203251,0.007266877
63783,53355,0.009371193
63965,283542,0.007371042
64043,133685,0.106593859
64334,77214,0.002590204
64516,7582,1
64542,114503,0.105394618
64568,213576,0.153968611
64848,85563,0.05396024
65186,306480,0.041438267
65264,18129,0.411936676
65394,24705,0.273426432
65522,26974,0.166827315
65830,60761,0.018268297
65934,15279,0.340336409
65986,10306,0.436638851
66038,28439,0.293786701
66164,19727,0.070664571
66190,2251,0.498000888
66264,13542,0.336065574
66290,20463,0.304842887
66342,2116,0.527882798
66594,97203,0.079730049
66772,4956,0.302663438
66798,12022,0.376642821
66824,17870,0.709792949
66876,14206,0.565606082
66954,5661,0.436495319
66980,68767,0.372518795
67006,10305,0.356525958
67032,3695,0.733152909
67134,62289,0.186790605
67160,3205,0.110452418
67210,6031,0.048084895
67236,411807,0.919780383
67286,4185,0.6260454
67336,7499,0.489931991
67360,4935,0.139817629
67386,30684,0.212521184
67616,7832,0.072012257
67768,5370,0.186219739
67922,33199,0.487936384
68024,59115,0.554630804
68232,24828,0.179958112
68362,817511,0.815957216
68516,9849,0.443598335
68542,4653,0.644745326
68594,27617,0.012094
68774,45136,0.158432294
68800,10972,0.565074736
69000,6630,0.452488688
69102,33433,0.520055035
69284,6462,0.619003405
69310,3961,1
69336,3046,0.997701904
69412,108192,0.136719905
69464,3802,0.635455024
69490,7899,0.394986707
69516,28533,0.039708408
69748,18708,0.564678213
69774,3882,0.260432767
69822,32802,0.802024267
69848,4238,0.634261444
69926,44179,0.015867267
69952,1983,0.372667675
69978,19798,0.736741085
70076,1974,0.385005066
70152,3931,0.460442635
70228,6581,0.55189181
70304,15426,0.914041229
70382,137349,0.03303992
70482,34344,0.800722106
70532,2630,0.342205323
70736,20329,0.497466673
70762,3950,0.746835443
70812,1811,0.292655991
70836,4147,0.554617796
70912,7702,0.77057907
70938,7410,0.971659919
70964,11728,0.298431105
70990,3512,0.982346241
71019,52804,0.161862738
71068,13754,0.648902138
71246,26227,0.076257292
71298,3594,0.197551475
71348,17031,0.281897716
71426,14759,0.365878447
71452,15248,0.994294334
71580,2841,0.687785991
71680,100346,0.226466426
71706,37404,0.116832424
71732,19810,0.454316002
71758,25065,0.786554957
71836,14718,0.256828373
71990,84864,0.437205411
72016,74822,0.050907487
72068,42764,0.304064166
72143,20730,0.192957067
72146,76687,0.803969382
72198,60880,0.847815375
72224,38378,0.362759915
72276,39983,0.016882175
72380,51225,1
72432,58919,0.729815509
72458,208944,0.115657784
72484,34503,0.636176564
72510,20501,0.682893517
72614,158899,0.013222236
72692,24773,0.287611513
72744,19609,0.400326381
72770,13025,0.168214971
72822,365278,0.550816091
72848,14368,0.139198218
72898,11891,0.583718779
72950,21815,0.595920238
73080,24173,0.738096223
73132,19079,0.264741339
73184,31766,0.630768746
73236,3101,0.675910996
73314,33184,0.731225892
73392,140577,0.129331256
73444,80055,0.06439323
73470,7537,0.463579674
73496,84699,0.014451174
73548,29412,0.998062016
73600,118370,0.038573963
73730,97669,0.135641811
73756,31187,0.275627665
73860,13553,0.141075777
73886,26900,0.111524164
73938,706867,0.217773641
74038,33328,0.488568171
74142,15431,1
74246,16318,0.701679127
74272,25849,0.768114821
74450,15470,0.58177117
74502,63294,0.291465226
74528,32573,0.317839929
74554,393115,0.453129491
74580,23935,0.075203677
74606,15152,0.35031679
74710,26456,0.543695192
74762,22106,0.359811816
74840,334376,0.528758045
74892,67735,0.651420979
74944,354317,0.836454361
74970,11305,0.999646174
75048,26175,0.573065903
75074,6805,0.370022043
75100,1653461,0.440080534
75126,20646,0.876683135
75178,23628,0.16179956
75256,61249,0.399304478
75334,15558,0.228949736
75412,14562,0.274687543
75436,42100,0.332541568
75488,11865,0.421407501
75618,21398,0.687914758
75670,34021,0.443843508
75722,114079,0.271189264
75748,18085,0.558031518
75774,86915,0.77530921
75800,19196,0.395915816
75826,36050,0.527656033
75852,46361,0.168999806
75878,6021,0.259093174
75904,65647,0.191493899
75956,12859,0.388754958
76008,23623,0.984845278
76032,29127,0.823977753
76084,10206,0.583382324
76188,30816,0.318016615
76266,8256,0.801356589
76292,18661,0.35705482
76318,9553,0.807390349
76422,139583,0.298438922
76524,17470,0.357698912
76628,40605,0.052924517
76756,3170,0.980757098
77203,4505,0.11254162
77229,25387,0.401780439
77583,5965,0.100586756
77809,5085,0.327236971
78087,26709,0.149500168
78547,60025,0.063456893
78675,11659,0.583240415
78751,10497,0.659902829
78827,9457,0.619646822
79109,3005,0.599001664
79183,39336,0.043598739
79507,8342,0.430352433
79557,8543,0.234109797
79813,4530,0.345253863
80048,37085,0.411109613
80276,153482,0.432180972
80474,78431,0.512246433
80604,12608,0.382772843
80630,2720,0.647794118
80806,7376,0.463937093
81192,3057,0.163559045
81268,6064,0.025230871
81594,17639,0.108282782
81746,14649,0.430063486
81772,12746,0.043150792
81896,868075,0.357382715
81922,44569,0.47218919
82124,7408,0.182235421
82176,9470,0.175712777
82202,120041,0.580051816
82228,1682,0.508323424
82254,22176,0.501037157
82280,2685,0.277467412
82306,14859,0.657581264
82332,9778,0.635712825
82384,6332,0.18651295
82410,19311,0.728444928
82462,19926,0.746110609
82566,136234,0.884184565
82592,124810,0.756806346
82618,28300,0.711872792
82668,14000,0.629571429
82694,146214,0.880339776
82744,14954,0.745619901
82770,33340,0.468506299
82796,26209,0.825594262
82848,13092,0.225710357
82874,31211,1
82900,11426,0.409504639
83002,15399,0.4701604
83028,16400,0.192256098
83156,13129,0.41914845
83362,18456,0.927286519
83414,8606,0.166395538
83440,25466,0.999882196
83466,107341,0.999897523
83568,43685,0.964953645
83620,8045,0.284773151
83646,133865,0.674298734
83672,29740,0.418997983
83696,95488,0.999895275
83722,14809,0.265041529
83748,16053,0.354886937
83774,13329,0.411433716
83800,19148,0.493628577
83852,23825,0.798698846
83876,14356,0.867511842
83902,332333,0.999897693
83928,71809,0.777952624
83980,10764,0.289947975
84006,17833,0.009701116
84032,11819,0.697013284
84058,19167,0.689831481
84084,83816,0.660458624
84110,12797,0.968664531
84136,16450,0.914711246
84162,246540,0.738788838
84188,24145,0.734479188
84240,3876,0.779153767
84266,18837,0.574560705
84292,17117,0.641701233
84318,47842,0.999895489
84368,20580,0.509426628
84394,3127,0.774544292
84446,20947,0.771184418
84498,18741,0.03388293
84548,1948626,0.999800372
84626,5030,0.598011928
84678,41038,0.675179102
84730,5983,0.506769179
84756,5552,0.153097983
84808,13981,0.171518489
84934,17316,0.435204435
84960,102004,0.999892161
85036,7696,0.126559252
85062,4906,0.265185487
85140,10453,0.762747537
85166,2699,0.866987773
85218,258248,0.999899322
85268,5993,0.649924912
85294,92216,0.808601544
85320,13685,0.310266715
85372,28808,0.57372952
85448,33310,0.662803963
85524,3784,0.858350951
85602,12217,0.39739707
85628,182644,0.922773264
85654,7594,0.356333948
85680,37527,0.99989341
85732,31644,0.20443054
85784,55131,0.952222887
85888,13282,0.442478542
85912,32940,0.564814815
85938,11121,0.209333693
86016,15251,0.334797718
86042,13782,0.462922653
86094,61088,0.827805788
86172,11385,0.370399649
86198,6549,0.751565124
86224,6109,0.857750859
86276,29070,0.355727554
86328,13965,0.413748657
86354,31935,0.145858776
86380,8240,0.479975728
86432,5303,0.087497643
86458,39322,0.999898276
86484,13742,0.98493669
86510,35027,0.816969766
86536,21230,0.625294395
86614,9500,0.891263158
86640,11196,0.292783137
86692,12638,0.930764361
86744,12009,0.925972188
86822,7041,0.89617952
86874,48410,0.620223094
86926,32139,0.45732599
87030,23242,0.864770674
87056,4819,1
87082,575377,0.999801869
87134,4744,0.293212479
87186,13663,0.283173534
87212,13014,0.73828185
87238,23100,0.495238095
87264,34515,0.879704476
87290,27315,0.179937763
87340,16642,0.56357409
87366,13510,0.201776462
87392,53495,0.290961772
87444,35804,0.558596805
87470,8814,0.212275925
87522,10336,0.473587461
87548,430157,0.999800073
87626,14387,0.511225412
87702,18107,0.675153256
87728,35219,0.999801244
87806,46574,0.461910079
87936,12042,0.209848862
87962,16446,0.510944911
88066,3434,0.230634828
88092,10299,0.665404408
88144,27984,0.718624929
88222,11507,0.204918745
88248,13200,0.963257576
88274,5826,0.251630621
88430,21960,0.476001821
88508,41773,0.999880305
88534,51755,0.731349628
88560,33994,0.671942107
88586,12960,0.338811728
88612,32121,0.767690919
88638,14023,0.846823076
88664,11580,0.510017271
88690,156174,0.866885653
88742,88922,0.982535256
88794,83843,0.999892657
88898,6160,0.310876623
89000,133490,0.963652708
89078,32559,0.236831598
89104,25617,0.667954874
89130,114970,0.885430982
89156,29994,0.556177902
89260,355336,0.999803003
89286,27915,0.999892531
89310,12748,0.999843113
89336,4874,0.78887977
89386,2556,0.999608764
89438,3780,0.878042328
89462,5095,0.548773307
89488,5351,0.68547935
89514,11130,0.676999102
89540,52513,0.499761964
89590,7477,0.647853417
89616,23911,0.841328259
89668,34409,0.430585021
89746,19221,0.085167265
89850,16950,0.695516224
89876,14946,0.568245684
89902,6787,0.568439664
89928,26825,0.517204101
89954,8069,0.482215888
89978,10645,0.657585721
90004,12948,0.745906704
90030,15336,0.424295775
90158,34411,0.558949173
90184,67383,0.634611104
90236,9622,0.578258158
90262,4689,0.523779057
90340,4898,0.564516129
90366,14872,0.506253362
90418,3293,0.615244458
90444,7751,0.187717714
90470,12186,0.665025439
90496,26767,0.405275152
90548,8523,0.779303062
90652,11622,0.69411461
90704,4954,0.411788454
90756,23699,0.977889362
90782,46251,0.987027308
90860,20261,0.533734761
90886,5416,0.682422452
90964,10181,0.533248207
90990,5837,0.999828679
91016,10056,0.695604614
91042,15241,0.080440916
91094,5543,0.809850262
91198,329058,0.819563724
91250,46705,0.407429611
91276,27576,0.639795474
91328,11046,0.526434909
91406,5750,0.307304348
91432,6722,0.309431717
91458,97803,0.495772113
91510,19385,0.600154759
91560,5216,0.438842025
91586,16413,0.800097484
91612,21249,0.768789119
91664,15040,0.274867021
91714,16345,0.833282349
91766,12567,0.248905865
91792,79792,0.874874674
91818,17200,0.597965116
91844,16924,0.433644528
91870,17522,0.576931857
91896,20607,0.600815257
91948,142645,0.904272845
91974,7807,0.493019085
92000,12038,0.448745639
92052,8533,0.527129966
92104,13095,0.024284078
92130,20909,0.473289014
92156,112500,0.999893333
92182,57913,0.338335089
92234,11273,0.901002395
92260,12088,0.24354732
92286,8454,0.762597587
92390,19386,0.598524709
92416,5630,0.512433393
92442,207044,0.594429203
92468,11901,0.924292076
92494,134293,0.773122948
92546,34477,0.801200801
92570,30593,0.801196352
92596,100764,0.495692906
92622,184833,0.893996202
92648,513118,0.43233915
92700,37203,1
92726,230378,0.801200635
92778,15514,0.657470672
92804,511168,0.842570349
92830,20168,1
92856,16586,0.982816833
92932,45041,0.510668058
93010,22041,0.402613312
93062,924624,0.374739354
93140,28837,0.801192912
93164,242543,0.212877717
93190,134819,0.294164769
93216,15299,0.514085888
93242,23222,0.756610111
93346,7326,1
93372,261501,0.899640919
93398,5623,0.428774675
93422,246433,0.051555595
93474,164504,0.046108301
93500,18648,0.95967396
93526,176569,0.502976174
93546,25581,0.68019233
93572,27154,0.952530014
93598,15311,1
93624,162693,0.501668787
93650,515317,0.955520582
93676,191158,0.835858295
93702,823302,0.54255668
93728,52683,0.709526792
93806,27858,0.603955776
93832,306678,0.84572418
93858,25364,0.901159123
93882,29545,0.318429514
93908,18960,0.075580169
93934,19974,0.906178031
93958,14435,1
93984,151335,0.381953943
94010,25126,0.940022288
94036,132312,0.952989903
94062,60573,0.72804715
94088,18605,0.988981457
94140,155193,0.274980186
94166,6747815,0.879539673
94192,10392,0.568706697
94218,42594,0.764145185
94244,38710,0.874451046
94294,1091737,0.334912163
94320,36423,1
94346,472906,0.603788068
94396,21916,0.684431466
94422,106049,0.801195674
94474,18249,0.645405228
94500,90583,0.739355067
94526,83092,0.251841332
94550,21774,0.472352347
94576,15667,0.384885428
94602,34610,0.489078301
94652,10640,0.117481203
94678,82142,0.988166833
94756,37083,0.569020845
94782,273988,0.989101712
94808,11121,0.806672062
94860,11029,0.435850938
94912,13553,0.520180034
94938,4710,0.118895966
94964,14728,0.013375883
95016,7154,0.225048924
95094,14417,0.189082333
95349,3715,0.267833109
95375,68343,0.225860732
95402,11291,0.096359933
95506,10867,0.265022545
95532,73886,0.178044555
95558,11181,0.36347375
95636,7983,0.814230239
95662,44905,0.630018929
95688,7072,0.316742081
95766,10484,0.157001145
95868,9786,0.765379113
95972,26669,0.263001987
96204,9238,0.411344447
96360,14942,0.262146968
96386,12396,0.555017748
96412,35160,0.354294653
96464,5946,0.070467541
96490,18315,0.213813814
96614,15749,0.326115944
96666,11344,0.582422426
96692,4763,0.325425152
96718,4025,0.62757764
96770,81821,0.030065631
96796,32039,0.627048285
96976,22576,0.05984231
97028,300618,0.51490596
97054,890480,0.432736277
97080,27938,0.018648436
97106,37450,0.342563418
97132,4244,0.200282752
97158,4813,0.68564305
97236,5272,0.643209408
97262,21545,0.83935948
97288,267036,0.061808146
97314,13474,0.608579486
97392,30600,0.227287582
97470,6653,0.478130167
97496,14844,0.230732956
97522,15272,0.34468308
97751,3614,0.844770338
97803,8220,0.614355231
97981,2689,0.654518408
98007,24280,0.085378913
98059,4495,0.482536151
98085,3595,0.675382476
98137,103672,0.313073925
98163,6207,0.489769615
98189,44236,0.006035808
98215,12879,0.279524808
98241,4665,0.660235798
98293,10362,0.476452422
98317,17720,0.150677201
98369,8192,0.629272461
98395,11053,0.302723243
98499,10522,0.162991827
98554,8092,0.711072664
98656,5561,0.309296889
98834,14440,0.356232687
98860,2421,0.75299463
98886,33503,0.095513835
98962,14800,0.3
99192,14106,0.46065504
99218,109523,0.020817545
99294,6269,0.239272611
99320,85893,0.538483928
99424,16204,0.852937546
99576,32695,0.028597645
99628,46556,0.06903514
99706,130009,0.011837642
99836,20489,0.092732686
99988,36881,0.059678425
100038,539354,0.058820367
100064,18571,0.297399171
100140,55407,0.023408595
100494,419652,0.880024401
100520,12557,0.251652465
100570,22283,0.515056321
100620,12296,0.291232921
100644,18172,0.593440458
100720,30782,0.032811383
100944,73028,0.208522758
101094,211352,0.326767667
101450,18238,0.037833096
101554,121335,0.682210409
101604,6202,0.514672686
101734,4227,0.234208659
101886,121803,0.005755195
102282,33548,0.036842733
102334,81869,0.339689015
102360,131240,0.76105608
102542,3395,0.266568483
102568,5398,0.53075213
102750,9647,0.145122836
102776,45488,0.177805135
102802,56211,0.369785273
102828,348208,0.466646372
102874,1641,1
102894,54051,0.57893471
103092,30241,1
103196,8701,0.066659005
103222,517451,0.889550895
103554,16583,0.063679672
103828,3838,0.049244398
103956,59922,0.20207937
104234,38339,0.137092778
104336,1975,0.075949367
104360,41902,0.119254451
104412,25960,0.021186441
104696,15591,0.105830287
104748,50672,0.026799811
104774,83279,0.114326541
104800,34399,0.728218844
105178,31498,0.095244142
105204,35440,0.143905192
105386,8204,0.205875183
105412,36555,0.326959376
105490,283620,0.381707919
105542,98239,0.136982258
105568,25968,0.89340727
105646,6814,0.440270032
105696,19389,1
105903,37340,0.025549009
105929,83764,0.163041402
106137,7141,0.120431312
106311,1881,0.326953748
106337,24690,0.081368975
106435,26500,0.301849057
106635,6461,0.201207243
106687,85033,0.010160761
106713,2566,0.752143414
106969,2702,1
106995,44858,1
107531,4961,0.100786132
107865,21875,0.073142857
108097,4222,0.180009474
108121,247032,0.07231047
108219,46414,0.024755462
108555,204722,0.38524438
108699,343132,0.599069746
108751,2580,0.220930233
108797,4329,0.423885424
108823,4899,0.067360686
108849,12195,0.824354244
109066,1488252,0.914800047
109326,22607,0.602910603
109352,1856,0.503771552
109499,15744,0.381097561
109528,211965,0.308796264
109730,5080,0.246062992
109782,39314,0.141247393
109860,12481,0.349330983
110036,131365,0.193126023
110082,283677,0.621484999
110134,8067,0.999132267
110160,76321,0.312522111
110186,73575,0.33701665
110212,1726,0.142526072
110264,49360,1
110290,77568,0.272573742
110498,60019,0.199236908
110550,18205,0.058390552
110602,62147,0.173250519
110680,2543,0.552497051
110888,3543,0.479819362
110934,238648,0.173380879
110986,33293,0.45054516
111292,23555,0.790872426
111422,8732,0.744388456
111448,80037,0.010882467
111474,141808,0.071991707
111962,24552,0.887259694
111988,10577,0.045097854
112014,17332,0.006346642
112292,39064,0.64402007
112318,52632,0.272210822
112474,2669,0.269763957
112526,23852,0.010397451
112630,4577,0.312868691
112708,4939,0.078963353
112858,126866,0.858551543
113012,71973,0.031345088
113038,27099,0.52474261
113064,26533,0.866845061
113140,256302,0.04227825
113244,2080,0.179807692
113294,4277,0.363806406
113444,16775,0.329776453
113470,2548,0.239403454
113910,39524,0.041392572
113936,68867,0.141243266
113988,3549,0.633981403
114168,145796,0.949998628
114429,361855,0.447825787
114479,20335,0.177231374
114505,4772,0.540653814
114631,33876,0.203064116
114915,36556,0.781185031
114967,54480,0.147723935
114993,2496,0.599358974
115017,23035,0.07384415
115069,10984,0.565367808
115197,224013,0.350327883
115249,75167,0.051937685
115275,4520,0.246681416
115405,217311,0.326541224
115533,15545,0.369636539
115659,4418,0.601629697
115685,10649,0.704291483
115735,508826,0.652887235
115787,27211,0.206938371
115813,36584,0.143150011
115863,2791,0.118237191
115941,70793,0.023392143
116019,11577,0.489850566
116175,22714,0.766619706
116201,1954,0.357727738
116277,57247,0.212465282
116303,14359,0.211574622
116355,45286,0.069337102
116407,70900,0.191650212
116665,6129,0.739109153
116717,223112,0.285981928
116743,67338,0.785039651
116769,17007,0.424825072
116821,25355,0.12478801
116925,181173,0.820414742
116977,30404,0.62702276
117003,597658,0.380538703
117105,157349,0.422862554
117131,46122,0.231494731
117209,15313,0.393064716
117365,5684,0.793455313
117675,4218,0.054528212
117987,23038,0.803889226
118013,18975,0.243162055
118039,7272,0.231435644
118139,175272,0.132148889
118510,3596,0.360122358
118588,34010,0.017289033
118640,3420,0.910526316
118666,11634,0.036530858
118718,35543,0.122583912
118770,7312,0.205142232
118924,2887,0.291652234
119106,42495,0.791999059
119236,7659,0.997780389
119516,23579,0.294626574
119542,85421,0.310532539
119670,9434,0.277188891
119826,27139,0.319134824
119852,250181,0.471414696
119930,24291,0.011856243
119956,13650,1
120214,30733,0.338463541
120240,2423,0.350804787
120342,39155,0.589962968
120522,7991,0.399824803
120600,4525,0.052375691
120626,12990,0.104618938
120730,21344,0.1517991
120860,53610,0.004364857
121092,664908,0.534991307
121170,30930,0.592272874
121248,18218,0.049291909
121456,3998,0.500250125
121508,69556,0.085398815
121586,11601,0.142229118
121716,96142,0.399409207
121742,42166,0.321159228
121872,105221,0.051995324
121924,6961,0.338026146
122132,8809,0.397320922
122236,185706,0.36181922
122574,11008,0.909611192
122834,40606,0.056247845
122860,8970,0.231326644
122912,52530,0.67085475
122990,35111,0.996069608
123016,3554,1
123042,36648,0.896665575
123068,8221,0.908891862
123094,18808,1
123120,6109,0.553609429
123146,3521,0.925021301
123172,37401,0.987219593
123198,6129,0.488660467
123224,4184,0.943594646
123250,4186,0.822264692
123276,16203,0.873727088
123302,4088,0.869373777
123328,18767,0.608248521
123354,3647,0.768851111
123380,24998,0.972277782
123406,5274,0.640500569
123432,3237,0.948717949
123458,242018,1
123484,41032,0.964174303
123510,5981,0.857716101
123536,72677,0.747691842
123562,5056,0.793908228
123588,57202,0.933393937
123614,25479,0.674987244
123640,6819,0.727965977
123666,4144,0.980453668
123692,36185,0.857344203
123718,4158,0.9001924
123744,24226,0.539833237
123770,22860,0.40936133
123796,198129,0.9691716
123822,34776,0.32010582
123848,5655,0.934748011
123874,6365,0.740455617
123900,2460,0.764227642
123926,238339,0.970273434
123952,135506,0.967167505
123978,1773,0.672306825
124002,8613,0.64298154
124028,3896,0.667351129
124054,11158,0.987273705
124106,55340,0.886899169
124132,91157,0.742192042
124158,1818,0.96809681
124184,105087,1
124210,144088,0.724251846
124236,15253,0.956992067
124262,5436,0.613502575
124288,13859,1
124314,91232,0.98180463
124340,17761,0.924159676
124366,5934,0.319851702
124392,9139,1
124418,10993,0.75038661
124444,3498,0.63464837
124470,7468,1
124496,35558,1
124522,36126,1
124548,5760,0.265451389
124574,7632,0.364910901
124600,122833,1
124626,33180,0.988908981
124652,276982,0.928998996
124678,20953,0.903498306
124704,62980,0.881883138
124730,379297,1
124756,77555,1
124782,3005,0.932113145
124808,11158,0.939594909
124834,64723,0.590995473
124860,8117,0.965504497
124886,124883,1
124912,32936,0.492956036
124964,12452,0.970526823
124990,11921,0.53368006
125016,62170,0.798568441
125042,25985,0.860265538
125068,3984,0.639809237
125094,838,0.997613365
125120,4868,1
125146,16164,0.90132393
125172,2683,1
125198,148130,0.970026328
125224,170533,0.897310198
125250,5741,0.874412123
125276,2889,0.780200762
125300,25277,0.996953752
125326,24636,1
125352,19965,0.830453293
125378,17281,0.992072218
125404,4514,0.87704918
125430,4243,0.865189724
125456,50429,0.669118959
125482,95018,0.972931445
125508,33581,0.896340192
125534,19009,0.695617865
125560,17843,0.868688001
125586,4193,0.769616027
125612,102775,0.801187059
125638,5946,0.450723175
125664,77934,0.945594991
125690,28494,0.669930512
125716,10596,0.992827482
125742,26393,0.928086993
125768,6057,0.762093446
125794,1213792,0.947641771
125820,85541,0.644942191
125846,52405,0.533975766
125872,4997,0.993596158
125898,12541,0.724104936
125924,5204,0.850307456
125948,31346,0.931538314
125974,2799,0.938906752
126026,47118,0.847659069
126052,20985,0.684393614
126078,56379,0.892176165
126104,123389,0.698133545
126130,403183,0.850621182
126156,12349,0.984857073
126182,30520,0.995412844
126208,2505,0.825149701
126234,21267,0.754643344
126260,122497,0.972497286
126286,7855,0.995544239
126312,9346,0.791140595
126338,20191,0.931107919
126364,49802,0.901369423
126390,18375,0.680598639
126416,17367,0.83290148
126442,12418,0.885971976
126468,8757,0.953180313
126494,18535,0.90094416
126520,6216,0.957207207
126546,28273,0.979025926
126572,18019,0.693101726
126598,24826,0.987996455
126624,6129,0.858051884
126650,4635,0.878748652
126676,4064,0.534202756
126702,73474,0.911887198
126728,7298,1
126754,253608,0.557466641
126780,35579,0.97509767
126806,8718,0.722642808
126832,2046,0.914467253
126858,82571,0.974518899
126884,131626,0.55036239
126910,21459,0.292744303
126936,33910,0.893482748
126962,426757,0.938887939
126988,1799,0.807115064
127014,11086,0.677521198
127040,9010,0.977691454
127066,27512,0.943406514
127092,2112,0.990056818
127118,8878,0.987947736
127144,47043,0.923431754
127170,12433,0.995013271
127222,6064,0.985158311
127248,15544,0.458955224
127274,17936,0.8669157
127300,3697,0.916148228
127326,2449,1
127367,276535,0.773750158
127378,69901,0.395244703
127404,3227,0.920049582
127430,21249,0.731375594
127456,44471,0.890355513
127482,4878,0.857933579
127508,11407,0.880511966
127534,8419,0.96828602
127560,2770,0.966787004
127586,9325,0.603967828
127612,16070,0.916490355
127638,69402,0.997982767
127664,5794,0.993096307
127690,1727,0.640995947
127714,196500,0.848442748
127740,1430,0.953146853
127766,2900,0.943103448
127792,14790,0.717714672
127818,2653,0.89596683
127844,355901,0.995998887
127870,177633,0.495713071
127896,156492,0.68612453
127922,2776,0.992795389
127948,6482,0.82752237
127974,44409,0.909004931
128000,4860,0.823868313
128050,10862,0.975418892
128076,11447,0.756530095
128102,4829,0.663284324
128128,12294,1
128154,5785,0.991702679
128180,41040,1
128206,21775,0.872560276
128232,17025,0.351718062
128258,21308,0.954054815
128284,8290,0.788902292
128310,11287,0.894834766
128336,1998,0.988488488
128362,6675,1
128388,33100,0.925528701
128414,30136,0.517918768
128440,122505,0.923978613
128466,18887,0.415470959
128492,40487,1
128518,322750,0.700536019
128544,1392121,0.904155601
128570,7709,0.734466208
128596,5307,0.87959299
128622,9588,0.889236546
128648,15272,1
128674,234259,0.963570236
128700,11858,0.795075055
128726,6295,0.925814138
128752,9517,0.327414101
128778,35472,0.960109382
128804,12518,0.910129414
128830,7841,0.923734218
128856,60600,0.960478548
128882,79479,0.210936222
128908,8304,0.888367052
128934,8194,0.796314376
128960,24749,0.990747101
128986,30614,0.956294506
129012,9583,0.264635292
129038,30989,0.487334215
129064,35591,0.386642691
129090,11362,0.438919204
129116,26788,0.938405256
129142,256223,0.955046971
129168,4879,1
129194,3886,0.794904786
129220,4019,0.897984573
129246,15069,0.921295375
129272,37964,0.521915499
129298,7687,0.800312215
129348,4199,0.514646344
129374,16604,0.976210552
129400,24614,0.987243032
129426,8048,0.893265408
129452,8325,0.707027027
129478,17480,0.723913043
129504,27382,0.670148273
129530,15297,0.831208734
129556,3887,0.788268588
129582,103102,0.463705845
129608,3330,0.337537538
129634,177662,0.50632662
129660,165526,0.924169013
129686,94804,0.835428885
129712,240961,0.698399326
129738,75234,0.991998299
129764,4268,0.446579194
129790,43331,0.993515035
129816,15173,0.725169709
129868,4951,0.686729954
129894,375011,0.720421534
129920,50642,0.851190711
129946,17598,0.293385612
129972,122581,0.839803885
129998,20921,0.83150901
130024,18387,0.866590526
130050,6543,0.867186306
130076,7852,0.914671421
130102,175568,0.860487105
130128,62813,0.73061309
130154,42045,1
130180,6946,0.886121509
130206,77652,0.966375625
130232,235416,0.989155368
130258,7196,1
130284,17889,0.615965118
130310,58722,0.951926024
130336,49201,0.996260239
130362,6717,0.488908739
130388,126356,0.819414986
130414,44970,1
130440,30617,0.267302479
130466,151881,0.968883534
130492,3151,0.994922247
130518,13338,0.655945419
130544,4551,0.843331136
130570,37366,0.897848311
130596,4800,1
130622,3418,0.597717964
130646,423006,0.982312308
130672,20831,0.822332101
130698,18718,0.546479325
130724,31646,0.150097959
130750,4889,0.655962364
130776,28785,0.882820914
130802,12285,0.474562475
130828,7311,0.687183696
130854,104346,0.979357139
130880,68990,0.97757646
130906,308482,0.970157092
130932,8092,0.825630252
130958,78503,0.997133867
130984,89125,0.989093969
131010,2300,0.892173913
131036,49993,0.865961235
131062,21886,0.891665905
131088,2403,0.860174782
131114,15292,0.965864504
131140,5855,0.860802733
131166,4596,0.915578764
131192,2636,0.940060698
131218,17214,0.970140583
131244,8147,0.883883638
131270,3692,0.814734561
131296,3102,0.948098001
131322,47441,0.772580679
131348,101937,0.250282037
131374,9910,0.858930373
131400,5948,0.364324143
131426,14036,0.933528071
131452,3064,0.795039164
131478,4091,0.839648008
131504,240590,1
131530,2106,0.883190883
131556,26628,0.998910921
131582,83626,1
131608,477552,0.928881043
131634,5565,1
131660,3824,0.973587866
131686,1905,0.900262467
131712,22355,0.858868262
131738,12966,0.955344748
131764,19643,0.519828947
131790,3106,0.629748873
131816,29706,0.875176732
131842,18338,0.497600611
131868,60303,0.98247185
131894,4919,0.812970116
131920,68980,0.988300957
131946,450785,0.868999634
131972,153033,0.92087981
131998,93650,0.881740523
132024,3508,0.958665906
132050,2267,0.979267755
132076,57648,0.774337358
132102,8111,0.476883245
132128,50772,0.994170015
132154,25373,0.890001182
132180,18968,0.97443062
132232,4696,0.39693356
132258,60754,0.943970767
132284,33288,0.980563566
132310,13781,0.8787461
132336,4795,1
132362,4506,0.577008433
132388,3179,1
132412,4904,0.99367863
132438,6642,0.429539295
132464,18698,0.124719221
132490,8923,0.903731929
132516,11527,0.870130997
132542,5298,0.831634579
132568,7068,1
132594,9860,0.555070994
132620,1852,0.896868251
132670,11355,0.927432849
132696,21689,0.950343492
132722,2325,0.96
132748,4053,0.971132494
132774,5945,0.910513036
132800,4160,0.755048077
132826,60956,0.960003937
132852,41414,0.967257449
132878,7478,0.983551752
132904,4291,0.798415288
132930,2471,0.778227438
132956,55130,0.944422275
132982,4422,0.989597467
133008,6542,0.962243962
133034,7194,0.86530442
133060,44360,0.979486023
133086,699944,0.985000229
133112,2603,0.876680753
133138,33000,0.963484848
133164,114352,0.974176228
133190,10539,0.989752348
133214,8620,0.919953596
133240,14263,0.729159363
133266,13123,0.792196906
133292,13486,0.825152009
133318,9227,0.905277989
133344,22272,0.916980963
133370,15862,0.93683016
133396,45945,0.946305365
133422,18263,0.41340415
133448,6496,0.999076355
133474,20395,0.630007355
133500,4095,0.994383394
133526,10949,0.941455841
133552,6508,0.670098341
133578,19723,0.663489327
133604,2169,0.808667589
133630,14807,0.998176538
133656,7454,0.489804132
133682,112003,0.999071453
133708,1834,0.838058888
133732,8959,0.889273356
133758,47111,0.979834858
133784,6110,0.224386252
133810,2481,0.702942362
133836,16811,0.787995955
133862,48463,0.980005365
133888,3101,0.899387294
133914,11421,0.375448735
133940,63757,0.955079442
133966,25677,0.930833041
133992,8773,0.745924997
134018,69001,0.783133578
134044,6038,0.951473998
134070,55542,0.357099132
134096,29402,0.636079178
134122,170132,0.964033809
134148,17216,0.946561338
134174,15388,0.487522745
134200,3699,0.834009192
134226,13575,0.735101289
134252,27462,0.527091982
134278,407252,1
134304,29869,0.976363454
134330,25719,0.879894242
134356,11471,1
134382,19178,0.550787361
134408,27754,0.939035815
134434,76877,0.916307868
134460,13765,0.84184526
134486,40080,1
134512,5304,0.817307692
134538,3578,0.743432085
134564,118349,0.979999831
134590,6113,0.958449207
134616,22172,0.901542486
134642,3400,1
134668,50852,1
134694,4674,0.833547283
134720,2577,0.990686845
134746,4152,0.987957611
134772,10067,0.361279428
134798,53402,1
134824,56504,0.982054368
134850,25130,1
134876,17516,1
134902,4212,0.934472934
134926,21873,0.91418644
134952,330845,0.740546177
134978,5317,0.989279669
135002,4080,0.959313725
135028,13023,0.812946326
135054,44389,0.862758792
135080,230371,0.995871876
135106,39583,0.97999141
135132,40828,0.841334378
135158,3854,0.188116243
135182,14210,0.947220267
135208,3460,0.998554913
135234,13606,0.603777745
135260,6688,0.984599282
135286,9101,0.997253049
135312,29726,0.999360829
135338,3839,0.398801771
135364,20394,0.987594391
135390,9837,0.428179323
135416,56393,0.920663912
135442,7679,0.913400182
135468,3330,0.255255255
135494,13299,0.987818633
135520,16211,0.550058602
135546,4752,0.801346801
135572,2224,0.915017986
135596,4539,0.792244988
135622,7679,0.433389764
135648,124159,0.74410232
135674,711825,0.996164788
135700,3640,0.868956044
135726,10812,0.829171291
135752,9961,0.801224777
135778,208008,0.972539518
135804,35738,0.926828586
135830,51436,0.526051793
135856,12689,0.736385846
135882,5443,0.78155429
135908,16281,0.948344696
135934,10801,0.928062216
135960,3162,0.901328273
135986,3170,0.904731861
136012,5614,1
136038,2430,0.867489712
136064,6407,1
136090,11998,0.900150025
136116,17252,0.544748435
136142,5337,0.875210793
136168,8393,0.905635649
136194,119736,0.977375225
136220,45860,0.797557785
136246,9364,0.683361811
136272,4354,0.71107028
136298,15561,0.977315083
136324,6022,0.988043839
136350,194390,0.984664849
136376,14857,0.585986404
136402,2113,0.993374349
136428,4544,0.655809859
136454,2153,0.849512308
136478,34737,0.968851657
136504,47943,0.980560249
136530,5588,0.998031496
136556,32563,0.965236618
136582,27381,1
136608,57966,0.447952248
136634,8854,0.926360967
136660,6236,0.868024375
136686,2943,0.904858987
136712,1467,0.916155419
136738,142301,0.557592708
136764,2487,0.732207479
136790,27600,0.991702899
136816,26753,0.967442904
136842,1552,0.867912371
136866,20866,0.936499569
136892,721368,0.978915061
136918,6977,0.988963738
136944,23529,0.912065961
136970,8481,0.77502653
136996,5940,0.664141414
137022,6827,0.328841365
137048,3135,0.861562998
137074,4817,0.893086984
137100,433656,0.999250558
137126,10893,0.513999816
137152,844483,0.982673423
137178,161957,1
137204,254484,0.950515553
137230,2817,0.900603479
137256,91771,0.989059725
137282,2561,0.990628661
137308,1932,0.81573499
137334,2100,0.834761905
137360,52319,0.982071523
137386,8960,1
137412,4144,0.817084942
137438,55124,0.913612945
137464,464983,0.934851382
137490,729737,0.980691674
137516,15978,0.29815997
137542,10690,0.533489242
137568,41123,0.991878024
137594,33002,0.586964426
137620,12325232,0.962999966
137646,35980,1
137672,7696,0.701663202
137698,92060,0.471594612
137724,90328,0.587968293
137750,12159,1
137776,15385,0.885797855
137802,368355,0.781501541
137828,10390,0.498556304
137854,3630,0.910743802
137880,3554,0.870568374
137906,14981,0.567986116
137932,45644,0.976141442
137958,29452,0.662569605
137984,127142,0.988170707
138010,12780,0.582550861
138036,17661,0.996602684
138062,6339,0.550402272
138088,41352,0.555789321
138114,687357,0.982201389
138140,7728,0.955615942
138166,286211,0.988201013
138192,4014,0.661434978
138218,300559,0.930882123
138244,12485,1
138270,16644,0.928262437
138296,293652,0.969000722
138322,6329,0.996997946
138348,14141,0.872710558
138374,6320,0.996044304
138400,5564,1
138426,23232,0.998923898
138452,26101,0.8941803
138478,7766,0.630569148
138530,2813,0.998933523
138554,57364,0.947772122
138580,23256,0.964826281
138606,5911,0.482828625
138632,7540,0.86193634
138658,15183,0.999077916
138684,122967,0.973114738
138710,317915,0.996999198
138762,23273,0.916985348
138788,9437,0.88301367
138814,42517,0.845450055
138840,2652,0.768476621
138866,2422,0.637489678
138892,10056,0.901551313
138918,1738,0.992520138
138942,47714,0.946430817
138968,5832,0.935013717
138994,6977,0.379819407
139020,65570,0.995516242
139046,15583,1
139072,2020,0.933168317
139098,1696,0.954599057
139124,6400,1
139150,91824,0.345236539
139176,4804,0.758742714
139202,10151,1
139228,1865,0.758176944
139254,9120,0.964144737
139280,1153,0.999132697
139306,13888,0.889904954
139332,13532,0.99933491
139358,131210,0.9
139384,26822,1
139410,10692,0.331182192
139436,43110,0.948805382
139462,53468,0.353351537
139488,123071,0.916300347
139514,10823,0.782500231
139540,80111,0.892424261
139566,19017,1
139592,8989,0.83846924
139618,1846,0.950162514
139642,123599,0.955129087
139668,95338,1
139694,2752,0.857921512
139746,6892,0.234764945
139848,9492,0.484618626
140004,183381,0.310855541
140134,18643,0.124711688
140546,4130,0.140920097
140672,35851,0.865917269
140982,11139,0.224616213
141189,26165,0.643072807
141215,87545,0.418162088
141265,7452,0.53784219
141291,5832,0.277777778
141985,306296,0.8692376
142089,51891,0.253878322
142193,11873,0.118083046
142401,53316,0.802798409
142427,8498,0.28830313
143019,8997,0.138935201
143124,2812,0.408961593
143174,22845,0.384329175
