,Total Population,Served Percentage
8,2187477.0,0.2257120874870913
222,2246825.0,0.17200004450724912
1096,680000.0,0.9963235294117647
3173,320714.0,0.5667105271363271
3194,549380.0,0.03831591976409771
3215,625783.0,0.04646498866220399
3236,1439561.0,0.12327299780974894
3253,370550.0,0.22547024693023884
3274,773851.0,0.43460045926153745
3295,1231523.0,0.1972476356511409
3316,1387604.0,0.42144805002003455
3337,2122014.0,0.3068862882148751
3358,5931634.0,0.2976117541979158
3379,2084180.0,0.5294038902589987
3400,1255031.0,0.3047191662994779
3421,5249867.0,0.29721191032077576
3442,1068527.0,0.32900900024051805
3463,8652225.0,0.4906232789831517
3484,12086170.0,0.5407716422985942
3505,2382627.0,0.4338089847886388
3526,10992046.0,0.6903735664861664
3547,27543012.0,0.8542149275467766
3568,1322758.0,0.3909165546532321
3589,3807782.0,0.19387270594797706
3610,9224687.0,0.7457575525326767
3631,2914830.0,0.8450997142200403
3652,4901665.0,0.6042834424629182
3673,1333768.0,0.3213999736086036
3811,50808.0,0.14478034955125177
3847,17063.0,0.3892633182910391
3885,1439561.0,0.004723662283154378
4055,154495.0,0.21161202627916761
4081,13852.0,0.3979930695928386
4086,17122.0,0.35042635206167505
4109,102656.0,0.07443305798004987
4165,69526.0,0.6789402525673849
4211,21355.0,0.09515335986888317
4236,76998.0,0.13425024026598092
4329,161137.0,0.056126153521537575
4345,72878.0,0.34058289195642033
4356,120265.0,0.08007317174572819
4381,35208.0,0.2957282435810043
4415,68405.0,0.015203566990717053
4455,32809.0,0.365753299399555
4473,101386.0,0.1528810683920857
4486,34561.0,0.23879517375075954
4507,218324.0,0.6163866546966893
4520,58175.0,0.1706059303824667
4565,51132.0,0.2715325041070171
4585,61903.0,0.025846889488393133
4716,42275.0,0.2891780011827321
4741,38924.0,0.8002774637755626
4754,28822.0,0.11657761432239262
4782,98260.0,0.15043761449216364
4831,201756.0,0.8825214615674379
4873,66017.0,0.5831225290455488
4889,97305.0,0.7299933199732799
4917,48316.0,0.12931534067389686
4929,4370.0,0.4633867276887872
4948,229322.0,1.0
4966,192757.0,0.9709063743469757
4982,95056.0,0.6984093586938226
5000,116267.0,0.9973079205621543
5021,226508.0,0.9717714164621117
5034,50246.0,0.8782589658878319
5047,137187.0,0.45455473186234846
5059,5674.0,0.9016566795911174
5071,134924.0,0.3736696214165011
5085,96865.0,0.9672637175450369
5106,179915.0,0.890720618069644
5125,119243.0,0.9421517405633874
5145,366992.0,0.9714734926101931
5158,77627.0,0.9989436665077872
5177,118352.0,1.0
5188,40287.0,0.83577829076377
5202,49600.0,0.7641129032258065
5229,43739.0,0.9223118955623129
5240,54076.0,0.953935202307863
5251,11856.0,0.8687584345479082
5265,21735.0,0.9257418909592823
5284,119480.0,0.991973552058922
5301,9461.0,0.7427333262868618
5317,66807.0,0.9729519361743529
5333,18611.0,0.719198323572081
5344,68040.0,0.937389770723104
5355,44532.0,0.9090092517740052
5375,278363.0,0.9744362576922939
5391,30685.0,0.8014013361577318
5421,119073.0,0.9199986562864797
5440,1324781.0,0.8753144859414499
5458,231033.0,0.9494747503603381
5472,19464.0,0.6992396218660091
5490,117634.0,0.8948603294965741
5505,13172.0,0.8062556938961434
5521,91453.0,0.9601762654040873
5540,167095.0,0.9270474879559532
5557,103333.0,0.9564514724241046
5578,226539.0,0.8983839427206795
5593,51907.0,0.9218217196139249
5622,11876.0,0.7328224991579656
5635,78583.0,1.0
5649,17022.0,0.8499588767477382
5669,99388.0,0.9859540387169478
5688,163662.0,0.7399946230646087
5699,41368.0,1.0
5719,232006.0,0.9699404325750196
5729,81439.0,1.0
5766,147233.0,0.9208737171693846
5784,424633.0,0.9002432688933738
5803,91483.0,0.9263469715684881
5816,4188.0,0.7901146131805158
5834,107263.0,1.0
5845,26897.0,0.8922928207606796
5858,41562.0,0.8989942736153217
5877,110282.0,0.9741752960591937
5890,8330.0,0.8614645858343337
5903,22094.0,0.9147732416040554
5922,113122.0,0.9418150315588479
5933,6981.0,0.45724108293940696
5949,45579.0,0.9799907852300401
5962,62071.0,0.9550836944789032
5973,8655.0,0.8434430964760254
5993,391449.0,0.9994660862590018
6005,56229.0,0.5397570648597698
6020,74587.0,0.9163124941343666
6041,163677.0,1.0
6055,60005.0,1.0
6067,54761.0,0.9624185095232008
6079,9004.0,0.8529542425588628
6090,29778.0,1.0
6106,125214.0,0.9533678342677336
6126,666323.0,0.9772197567846225
6138,19181.0,0.3839737239977061
6157,199961.0,1.0
6176,25630.0,0.9899726882559501
6194,114171.0,0.9570468858116334
6213,190139.0,0.9921478497309862
6225,54926.0,0.7464588719367877
6245,710210.0,0.9856239703749595
6257,22389.0,0.8846755102952343
6277,158024.0,1.0
6298,241389.0,0.959948464925908
6309,7341.0,0.795531943876856
6321,2141.0,0.811303129378795
6340,442548.0,0.9281207914169762
6358,124575.0,0.6203170780654225
6377,232107.0,0.9559901252439608
6398,644919.0,0.9610989907259672
6413,265955.0,0.8973999360794119
6428,15153.0,0.9942585626608592
6448,662362.0,0.9722734697944628
6464,82887.0,0.7249267074450758
6482,120258.0,0.8644996590663407
6495,77318.0,0.8800020693758245
6513,262970.0,0.9895501387991026
6526,91278.0,1.0
6608,121749.0,0.627717681459396
6657,35054.0,0.7150967079363268
6675,474853.0,0.9107997632951671
6707,23678.0,0.748965284230087
6780,52330.0,0.929390407032295
6813,16398.0,0.45188437614343213
6832,163735.0,0.5599963355421871
6848,12504.0,0.855806142034549
6866,34388.0,0.5387926020704897
6895,248694.0,0.05023442463428953
6912,22449.0,0.7917501893180097
6933,342873.0,0.5945670846056703
6948,31181.0,0.006574516532503768
6969,1476867.0,0.8970002038098217
6996,41602.0,0.17066487188115956
7025,82968.0,0.3283072991996914
7043,80936.0,0.22690768014233467
7082,228370.0,0.18367123527608706
7134,16373.0,0.8214743785500519
7165,15704.0,0.8278145695364238
7183,16326.0,0.7398627955408551
7245,21003.0,0.15426367661762605
7263,25700.0,0.49536964980544745
7278,17509.0,0.052887086641155975
7330,20657.0,0.01965435445611657
7361,33700.0,0.2251632047477745
7377,24113.0,0.3155144527848049
7421,98737.0,0.6944812988038932
7444,19508.0,0.7227803977855239
7467,8032.0,0.022908366533864542
7518,39688.0,0.05392058052811933
7527,11107.0,0.036913658053479785
7545,57285.0,0.3174129353233831
7772,215320.0,0.6723342002600781
7826,24982.0,0.5576014730606036
7851,18622.0,0.14230480077327892
7895,94289.0,0.25114276320673673
7937,268594.0,0.2729919506764857
7959,128680.0,0.2760879701585328
7980,219680.0,0.6766432993445011
7992,23583.0,0.7314591018954332
8013,1164098.0,0.9086545978087756
8030,122646.0,0.836521370448282
8062,45847.0,0.9234410103169237
8083,555284.0,0.9473008406509101
8102,401896.0,0.9780067480144117
8117,56764.0,1.0
8128,562151.0,0.29465214862198946
8143,580489.0,0.48827281826184477
8156,2057711.0,0.1039674667628253
8189,208702.0,0.9157075638949316
8205,483970.0,0.7644523420873195
8229,20911.0,0.9680072689015351
8249,296440.0,0.9701592227769532
8263,46015.0,0.7845050527002064
8279,496696.0,0.9309577689371366
8296,184786.0,0.8441819185436126
8317,298142.0,0.8351456688423637
8335,150660.0,0.7228594185583432
8345,90518.0,0.051437283192293244
8360,853622.0,0.7604162029563437
8373,37989.0,0.2504145936981758
8407,11546.0,0.6129395461631734
8422,21064.0,0.15699772123053551
8435,33929.0,0.06401603348168233
8480,16674.0,0.4346287633441286
8491,57423.0,0.6717343224840221
8525,80298.0,0.16824827517497323
8562,60539.0,0.9882885412709163
8579,87226.0,0.44138215669639785
8638,13375.0,0.7243364485981308
8658,322126.0,0.9799985098998528
8672,72550.0,0.8233080634045485
8686,23551.0,0.017833637637467623
8814,128895.0,1.0
8860,43235.0,0.6630507690528507
8889,58398.0,0.5392479194492962
9012,22394.0,0.38403143699205144
9053,53918.0,0.018546681998590452
9076,51113.0,0.03619431455794025
9099,38202.0,0.9924349510496833
9110,57250.0,0.9147248908296943
9121,23419.0,0.957299628506768
9134,40305.0,0.5704255055204069
9143,12484.0,0.9509772508811278
9153,6207.0,0.6135008860963428
9163,27268.0,0.8078333577820156
9173,33562.0,0.7638400572075562
9186,57649.0,0.9604676577217298
9197,49768.0,0.8484367465037775
9208,20671.0,0.673068550142712
9219,74036.0,0.6394186611918526
9229,15458.0,0.9607323068961056
9240,20710.0,1.0
9251,14093.0,1.0
9261,34075.0,0.8959060895084373
9272,38764.0,0.8353111134041895
9283,8892.0,0.6960188933873145
9294,32749.0,0.9688540108094904
9305,31348.0,1.0
9316,56649.0,0.8881004077741884
9327,117794.0,0.9545138122485016
9338,32639.0,0.8819204019730996
9349,205271.0,0.20762309337412493
9360,158732.0,0.30295088576972506
9371,5674.0,0.9693338033133592
9564,4279210.84,0.060202876098528486
9590,21384.0,0.8885147774036662
9609,9848.0,0.457859463850528
9766,35156.0,0.08877574240527933
9814,42098.0,0.02494180246092451
9836,62473.0,0.28505114209338434
9846,29955.0,0.18778167250876315
9854,72172.0,0.3186831458183229
9885,67198.0,0.2656329057412423
9902,76184.0,0.9440433686863383
9931,41795.0,0.15800933125972005
9945,8130.0,0.7025830258302583
9972,70280.0,0.7476380193511668
9981,60589.0,0.8707026027826833
9988,25619.0,0.80409071392326
9997,81082.0,0.9745196221109494
10007,32980.0,0.8885688295936931
10020,2893.0,0.61735222951953
10027,6158.0,0.3338746346216304
10037,15177.0,1.0
10047,75820.0,0.9897256660511738
10053,3136.0,1.0
10062,50197.0,0.9831464031715043
10072,66131.0,0.9775899351287596
10082,86844.0,0.989233568237299
10091,28061.0,0.7772709454402909
10100,58802.0,0.7999897962654331
10108,5993.0,0.6260637410312031
10117,47937.0,0.8367440599119678
10127,31620.0,0.9584756483238457
10137,88648.0,0.8822308455915531
10146,51928.0,1.0
10160,24394.0,0.6645076658194639
10170,4702.0,0.340280731603573
10179,54388.0,0.8855262190189013
10189,44781.0,0.9819566333936267
10199,120152.0,0.9987349357480525
10209,56587.0,0.962376517574708
10219,79264.0,0.9903613241824788
10229,41807.0,0.9492668691845864
10255,35942.0,0.1382226921150743
10273,34468.0,0.7513345711964721
10322,3597.0,0.5448985265499027
10342,12441.0,0.8817619162446748
10485,26369.0,0.2902271606811028
10716,178000.0,0.21235955056179776
10867,28000.0,1.0
10935,163757.0,0.9084008622532167
11137,1029000.0,0.47855199222546163
11198,30240.0,0.6249007936507937
11220,2737.0,0.3847278041651443
11230,57857.0,0.9747308018044489
11240,57089.0,0.5863476326437668
11250,49991.0,0.4115740833350003
11260,31895.0,0.3798401003292052
11266,33610.0,0.36506991966676583
11306,444365.0,0.07999954991954812
11345,444490.0,0.12000000000000001
11355,4592454.0,0.05
11369,152345.0,0.12000000000000001
11408,413643.0,0.12000000000000001
11421,362529.0,0.04
11434,205816.0,0.28
11473,823551.0,0.05
11512,218941.0,0.07999999999999999
11537,234598.0,0.06
11663,212000.0,0.1349056603773585
11952,137899.0,0.44910405441663825
12001,282955.0,0.1
12018,861968.0,0.6369145954374177
12029,505433.0,0.6966304139223201
12048,170000.0,0.39176470588235296
12063,321950.0,0.3606150023295543
12455,145850.0,0.8418992115186836
12479,58041.0,0.5606209403697386
12494,328600.0,0.7431527693244065
12506,173763.0,1.0
12523,195100.0,0.7888262429523322
12540,336200.0,0.6778703152885187
12556,858100.0,0.48593753641766696
12573,462000.0,0.4292207792207792
12590,38013.0,0.584773630073922
12597,216834.0,0.5123735207578147
12614,356983.0,0.46913718580436603
12630,155681.0,0.7816239618193613
12642,182900.0,0.3559431383269546
12664,209529.0,0.5846207446224627
13007,5273.67,0.4968873668621662
13015,44122.5,0.7494362286815117
13179,116689.5,0.7114536440725172
13190,36985.58,0.9703084283117906
13201,61758.33,0.7202699619630258
13212,89000.0,0.9539325842696629
13223,116000.0,1.0
13234,75414.0,0.0039780412125069615
13256,139220.83,0.27582618204474146
13267,379000.0,0.4706383113456465
13278,884802.17,0.7287404934822889
13319,12000.0,0.020833333333333332
13332,113814.0,0.6598162791923665
13354,2580.0,0.8461240310077519
13375,36290.67,0.3923826702565701
13385,7930.75,0.28055354159442675
13405,9089.0,0.5788315546264715
13415,4800.0,0.3375
13425,21662.92,0.15759278989166745
13435,134000.0,0.6194029850746269
13445,19101.0,0.8428878069211037
13455,24518.0,0.34097397830165593
13465,96167.0,0.24781889837470233
13475,38852.0,0.2759188716153609
13495,79636.0,0.5022853985634638
13535,31000.0,0.41916129032258065
13563,22440.0,0.7932263814616756
13583,16107.0,0.5457875457875457
13603,7575.0,0.8316831683168316
13641,40000.0,0.625
13661,13387.25,0.5042110963790174
13691,17060.0,0.9378663540445487
13710,90066.0,0.22321408744698332
13731,1200000.0,0.8639429166666667
13745,344615.0,0.8149529184742393
13757,122382.0,1.0
13769,79590.0,0.8
13791,22000.0,1.0
13805,58809.0,0.407391385672261
13819,29659.0,0.3476179237330996
13827,66069.0,0.12108553179251993
13833,17500.0,1.0
13855,27000.0,0.333037037037037
13869,25000.0,0.36
13913,405000.0,0.7901234567901234
13933,110979.0,0.7799944133574821
13964,199191.0,0.6024368570869166
13976,8000.0,1.0
13985,7900.0,0.9029645569620254
13993,8000.0,0.299875
14017,20500.0,1.0
14736,311000.0,0.9788392282958199
14746,232694.0,0.7499119014671629
14759,357652.0,0.9650945611935624
14772,327684.0,0.7874446112718351
14785,572944.0,1.0
14798,380000.0,0.985
14808,42485.0,0.7532070142403201
14818,97011.0,1.0
14828,301834.0,0.9009985621235513
14841,762500.0,0.9930491803278688
14854,15100.0,0.9940397350993377
14896,92000.0,0.9891304347826086
14909,72754.0,1.0
14930,771900.0,0.9120002591009199
14961,93500.0,0.9422459893048128
14974,207634.0,0.95
14992,69455.0,0.9583471312360521
15002,407133.0,0.9959988504984858
15015,150300.0,0.9118562874251497
15044,2044051.0,1.0
15057,110266.0,0.962998567101373
15067,31600.0,0.9810126582278481
15080,124000.0,1.0
15093,98854.0,0.8295061403686245
15111,24707.0,0.9100611162828348
15133,179160.0,0.6447812011609735
15154,14900.0,0.9436912751677853
15170,351230.0,0.6250291831563363
15186,531720.0,0.7385202738283307
15202,661009.0,0.8412563217747413
15218,387090.0,0.8527060890232245
15234,74560.0,0.8091738197424893
15250,224340.0,0.7378175982883124
15266,405920.0,0.5689323019314151
15282,481000.0,0.9667359667359667
15298,1191990.0,0.8477881525851727
15314,123130.0,0.7124664988223829
15330,343510.0,0.5634828680387761
15349,1444440.0,0.9463799119381906
15365,104010.0,0.732679550043265
15381,62860.0,0.3305281578110086
15397,623420.0,0.6712328767123288
15413,409000.0,0.6643031784841076
15429,701017.0,0.9193215000492142
15445,459560.0,0.8696709896422665
15461,341990.0,0.9480160238603468
15477,1216970.0,0.8080067709146487
15493,553080.0,0.852189556664497
15509,611160.0,0.8236059297074416
15525,96940.0,0.5125335258923045
15541,496990.0,0.9566550634821627
15557,276690.0,0.882171383136362
15573,853850.0,0.8035720559817298
15589,1066930.0,0.8608334192496228
15608,325190.0,0.849684799655586
15624,443210.0,0.7961823966065747
15640,115870.0,0.6109260378009839
15656,510020.0,0.8821693266930709
15672,92080.0,0.9366637706342311
15688,166989.0,0.5111174987574032
15704,587880.0,0.5030822616860584
15720,12179140.0,0.976780626546702
15736,305804.0,0.9751507501536932
15752,239040.0,0.688169344042838
15768,24540.0,0.5163814180929095
15789,1286129.0,0.9640728107367146
15805,221870.0,0.5466940100058593
15821,1642981.0,1.0
15837,1178080.0,0.7908800760559554
15853,575590.0,0.8462447228061641
15869,319650.0,0.8915376192710778
15891,524630.0,0.6672302384537674
15907,1041880.0,0.8456856835720045
15923,180960.0,0.903906940760389
15939,277110.0,0.8513694922593916
15955,226311.0,0.9539085594602118
15971,1119880.0,0.8159990356109583
15987,534760.0,0.8191038970753235
16003,48470.0,0.8310913967402517
16019,1170910.0,0.8951934819926382
16035,300280.0,0.9612694818169708
16051,843460.0,0.6453655182225595
16067,328910.0,0.889285822869478
16083,5225690.0,0.9173253675591166
16099,429800.0,0.7817822242903676
16115,243540.0,0.7351112753551778
16131,341683.0,0.799273010363407
16147,569290.0,0.8177361274570079
16163,487800.0,0.8267732677326773
16182,416440.0,0.8776534434732495
16198,720580.0,0.7874503871880985
16214,1110980.0,0.7199166501647194
16230,567300.0,0.44798871849109817
16246,629647.0,0.9076053725341342
16268,307480.0,0.8226030961363341
16284,354830.0,0.9222331820871967
16300,606650.0,0.8292969587076569
16316,1016140.0,0.5781683626271971
16332,312690.0,0.7813201573443347
16348,1032380.0,0.8212160251070343
16364,303840.0,0.5079285150078989
16380,606700.0,0.9556667216087028
16396,265040.0,0.8518336854814368
16412,193670.0,0.7760210667630506
16471,75300.0,0.40292164674634795
16520,291752.0,0.7919020263785681
16553,395300.0,0.7077814318239312
17038,267883.0,0.711116420228234
17162,365610.0,0.9823035474959656
17176,179122.0,0.8890309398063889
17191,340100.0,0.9279329608938548
17205,359000.0,0.9610027855153204
17240,51668.0,0.5888751258032051
17336,17406.0,1.0
17352,28212.0,0.8451722671203743
17360,9918.0,1.0
17373,568247.0,1.0
17388,47798.0,0.962383363320641
17405,50000.0,1.0
17416,12714.0,0.8556709139531226
17438,67240.0,0.40114515169541937
17445,38741.0,1.0
17457,38494.0,0.9515249129734504
17464,115000.0,0.7391304347826086
17474,583020.0,0.4209358169531062
17521,10900.0,1.0
17538,110000.0,0.6381818181818182
17548,218260.0,0.9529918445890223
17566,25694.0,0.7714252354635324
17577,36217.0,0.9699864704420575
17586,31467.0,1.0
17595,128155.0,0.8192735359525575
17602,34048.0,1.0
17611,36321.0,1.0
17617,31230.0,0.9642010886967659
17642,28669.0,0.8894624856116362
17653,31131.0,0.9379717966014584
17662,53152.0,0.8977460866947622
17670,33463.0,0.6482682365597825
17679,29877.0,0.9399872811861968
17688,45142.0,0.9444862877143236
17696,27132.0,0.9896063688633349
17705,34110.0,0.9751099384344767
17714,26517.0,0.88003922012294
17723,2076.0,0.07225433526011561
17731,26217.0,0.5077239958805355
17742,39813.0,1.0
17751,32346.0,0.9255240215173437
17759,24784.0,0.8480067785668173
17775,26344.0,0.9383920437291223
17784,72967.0,0.9901325256622857
17793,42343.0,0.8578749734312637
17811,40994.0,1.0
17819,28644.0,0.6353512079318531
17827,41799.0,1.0
17836,5143.0,0.349990278047832
17843,35538.0,0.9029489560470483
17852,24479.0,0.3410270027370399
17860,20262.0,0.4437370447142434
17880,16600.0,0.2891566265060241
17921,12500.0,0.296
17944,9000.0,0.5333333333333333
17967,48600.0,0.5936213991769548
17990,5800.0,0.5517241379310345
18013,16600.0,0.463855421686747
18030,19900.0,0.3768844221105528
18072,796000.0,0.8648241206030151
18095,22900.0,0.388646288209607
18141,26200.0,0.2862595419847328
18164,8800.0,0.3977272727272727
18187,9700.0,0.37628865979381443
18210,10450.0,0.4200956937799043
18233,20500.0,0.4692682926829268
18256,29500.0,0.376271186440678
18260,1415550.0,1.0
18272,4690.0,0.9931769722814499
18279,43862.0,0.8679950754639552
18288,22577.0,0.7630331753554502
18297,25805.0,1.0
18308,27349.0,0.2537935573512743
18336,53360.0,0.9444340329835083
18345,42678.0,0.9924082665541966
18352,33390.0,0.9902365977837676
18361,25767.0,0.8930026778437536
18368,24546.0,0.7923897987452131
18377,38211.0,1.0
18382,11464.0,0.14837752965806
18390,32812.0,0.15238327441180055
18399,39407.0,0.9922095059253432
18417,32982.0,0.9681644533381845
18437,50110.0,0.9780482937537418
18454,34284.0,0.8151032551627582
18463,42784.0,1.0
18478,23214.0,1.0
18487,25467.0,0.9592806376879883
18505,25363.0,0.9088041635453219
18538,16900.0,0.29289940828402367
18561,4000.0,0.4875
18584,33700.0,0.3062314540059347
18607,11650.0,0.5047210300429185
18630,28700.0,0.21951219512195122
18653,10850.0,0.4608294930875576
18676,5400.0,0.2962962962962963
18699,14400.0,0.2152777777777778
18722,9400.0,0.3404255319148936
18745,33700.0,0.4807121661721068
18768,8400.0,0.06190476190476191
18791,15200.0,0.5789473684210527
18814,14300.0,0.25874125874125875
18837,15500.0,0.25161290322580643
18860,7500.0,0.4266666666666667
18883,37600.0,0.5199468085106383
18918,8550.0,0.5614035087719298
18941,20700.0,0.3671497584541063
18964,14900.0,0.2953020134228188
18987,9900.0,0.1717171717171717
19010,38400.0,0.5364583333333334
19033,17000.0,0.22941176470588234
19203,26000.0,0.41923076923076924
19212,22000.0,0.5681818181818182
19221,10500.0,0.8117142857142857
19250,1319804.0,0.9629998090625578
19263,364318.0,0.6263758584533292
19276,85054.0,0.5309685611493874
19379,107010.0,0.10905522848331932
19410,21932.0,0.22893488965894584
19423,9225.0,0.34536585365853656
19480,16359.0,0.8978543920777554
19488,15569.0,0.9011497205986255
19500,17499.0,0.868678210183439
19507,11475.0,0.8579520697167756
19515,14645.0,0.7410037555479686
19523,18619.0,1.0
19530,19873.0,0.7395461178483369
19537,5118.0,0.3417350527549824
19563,11633.0,0.8989942405226511
19571,20037.0,0.8121974347457204
19579,8525.0,0.7840469208211144
19586,10778.0,0.9255891631100389
19597,6914.0,0.7918715649407
19613,17160.0,0.8664918414918414
19619,20066.0,0.8223362902422008
19626,10590.0,0.4400377714825307
19633,16829.0,0.7636223186166736
19646,4127.0,0.9159195541555609
19653,29043.0,0.8019144027820817
19660,4415.0,0.6455266138165345
19668,6786.0,1.0
19680,16353.0,0.852626429401333
19688,16342.0,0.9465181740301065
19693,6570.0,0.47366818873668187
19700,45978.0,0.9812954021488538
19708,16709.0,1.0
19716,10796.0,0.81233790292701
19730,6002.0,0.9865044985004998
19738,15178.0,0.9912373171695875
19746,24737.0,0.9893681529692364
19753,8169.0,0.782959970620639
20160,12103.0,1.0
20173,40194.0,0.8997113997113997
20182,9968.0,1.0
20190,13504.0,0.9557168246445498
20198,24993.0,0.9561477213619813
20256,4989.0,0.10022048506714773
20263,4087.0,0.15121115732811352
20309,4366.0,0.06871278057718735
21034,15000000.0,0.3
21251,50340.0,0.576082638061184
21262,7800.0,0.41025641025641024
21270,129000.0,0.872093023255814
21276,20842.0,0.6082429709240956
21282,138415.0,0.8776794422569808
21288,10000.0,1.0
21608,6480.0,0.5555555555555556
21677,563764.5,1.0
21769,578744.0,0.2187150104363933
21852,14949.0,0.3016924208977189
21868,4026.0,0.550173869846001
21885,68822.0,0.41874691232454736
21897,56631.0,0.14534442266603098
21917,21178.0,0.8716592690527907
21929,10244.0,0.6082584927762593
21939,21091.0,0.33421838698971124
21948,13719.0,0.5779575770828778
21951,39249.0,0.8815511223215878
21957,2890.0,0.7868512110726643
21960,5923.0,0.9918959986493331
21966,3721.0,0.9674818597151303
21971,2661.0,0.8680947012401353
21983,5317.0,0.6808350573631747
21992,5230.0,0.7797323135755259
21996,7072.0,0.7894513574660633
22002,26018.0,0.9730955492351449
22009,4627.0,1.0
22014,1804.0,0.549889135254989
22021,10484.0,0.7783288821060664
22026,8201.0,0.37946591879039143
22031,9499.0,0.9285187914517318
22034,5010.0,0.8534930139720559
22041,7298.0,0.4749246368868183
22046,7472.0,0.567585653104925
22053,3073.0,0.6755613407094045
22062,1519.0,1.0
22068,3279.0,0.8035986581274779
22074,6188.0,0.5360374919198448
22079,9014.0,0.7923230530286222
22081,7327.0,0.7110686501978982
22090,23585.0,0.5135891456434174
22092,10535.0,0.7496915045087803
22094,15897.0,1.0
22097,7783.0,0.6090196582294745
22106,12946.0,0.5020855862814769
22108,9294.0,0.9683666881859264
22113,3851.0,0.715917943391327
22127,2722.0,0.8809698750918442
22133,8351.0,0.8134355167045862
22140,15274.0,0.8409061149666099
22147,8940.0,0.25
22159,10667.0,0.8505671697759445
22166,2600.0,0.9076923076923077
22173,15987.0,0.5379370738725214
22180,4093.0,1.0
22183,17798.0,0.6054612877851444
22190,4289.0,0.8006528328281651
22195,3834.0,0.6773604590505999
22202,2810.0,0.6441281138790036
22211,2047.0,0.7547630679042501
22218,7700.0,0.5194805194805194
22225,5879.0,0.5722061575097805
22233,1865.0,0.8289544235924933
22243,2640.0,0.5871212121212122
22254,3203.0,0.44021230096784264
22261,16637.0,0.8294764681132416
22275,4883.0,0.38705713700593897
22282,12358.0,0.6748664832497168
22289,13788.0,0.5279228314476356
22296,14829.0,0.5112279991907749
22303,12353.0,0.5707115680401522
22310,8709.0,0.3162245952462969
22317,21141.0,0.18211059079513742
22324,188276.0,0.4599949011026366
22326,19759.0,0.7338428058100106
22331,234628.0,0.3004756465553983
22342,18313.0,0.9855840113580516
22349,16179.0,0.8737251993324681
22353,5942.0,0.837428475260855
22360,12719.0,0.8455067222265902
22367,7128.0,0.9932659932659933
22373,2519.0,0.8618499404525606
22379,5454.0,0.8744041070773744
22386,16583.0,1.0
22393,18976.0,0.6073988195615514
22399,5560.0,0.42787769784172663
22406,18245.0,1.0
22413,4036.0,0.9955401387512388
22420,7388.0,1.0
22426,6651.0,0.8514509096376485
22433,7446.0,0.935535858178888
22440,11066.0,0.8191758539671065
22446,7376.0,0.9151301518438177
22458,15567.0,1.0
22469,3142.0,0.5802036919159771
22476,7485.0,0.6414161656646626
22483,7736.0,0.45049120992761116
22490,4607.0,1.0
22497,5313.0,0.9104084321475626
22503,7255.0,1.0
22510,4302.0,0.798465829846583
22517,2134.0,0.8083411433926898
22523,11220.0,1.0
22527,21375.0,1.0
22532,7818.0,0.9866973650550013
22539,9223.0,0.5957931258809498
22546,14534.0,0.8820696298334939
22553,4332.0,0.7617728531855956
22560,8687.0,0.9530332681017613
22562,5902.0,0.8085394781430024
22569,2564.0,0.6914976599063962
22575,6739.0,0.9974773705297522
22582,1885.0,0.8159151193633952
22588,8823.0,0.9584041709169216
22595,7567.0,0.6977666182106516
22602,12355.0,1.0
22608,5605.0,1.0
22619,1664.0,1.0
22626,18428.0,0.9969611460820491
22633,7823.0,0.14061101879074525
22645,6852.0,0.7510215995329831
22652,13174.0,0.9488386215272506
22670,6963.0,0.8525061036909378
22676,10541.0,0.4544160895550707
22681,4755.0,0.025236593059936908
22736,5144.0,0.08164852255054432
22750,10949.0,0.6450817426248973
22757,8896.0,0.6999775179856115
22803,4184.0,0.2222753346080306
22843,9695.0,0.04858174316658071
22856,157833.0,0.10327371335525524
22929,3312.0,0.036231884057971016
23068,6478.0,0.4780796542142637
23098,3083.0,0.7654881608822576
23124,2704.0,0.28846153846153844
23132,3137.0,0.09563277016257571
23220,1730.0,0.0953757225433526
23245,1849.0,0.5056787452677123
23277,2651.0,0.5145228215767634
23307,7388.0,0.2517596101786681
23330,2924.0,0.23426812585499315
23342,4586.0,0.17989533362407326
23388,8589.0,0.8131330771917569
23397,635759.0,0.9275794758705735
23667,12231.0,0.6902133922001472
23683,1703482.0,0.7351000010566593
24293,6449.0,1.0
24318,15894.0,0.15068579338115012
24328,57211.0,0.593609620527521
24335,9684.0,0.5503923998347791
24344,3050.0,0.9836065573770492
24352,2314.0,0.09334485738980121
24530,5673409.0,0.3035324969520089
24545,6119322.0,0.9735534426853171
24555,6500000.0,0.36279246153846156
24747,7411.0,0.14384023748481986
24775,5801.0,0.034476814342354764
24791,44169.0,0.5730263306844167
24799,21754.0,0.9193711501333088
24818,4056.0,0.6245069033530573
24825,2880.0,0.9340277777777778
24827,31270.0,0.929325231851615
24829,20693.0,0.9073116512830426
24831,4604.0,0.45612510860121636
24833,3544.0,1.0
24837,4801.0,1.0
24842,2849.0,1.0
24844,6895.0,0.9995649021029732
24849,23141.0,0.7913227604684326
24853,7209.0,0.9900124843945068
24861,19340.0,0.9048603929679421
24863,13305.0,0.6794438181134912
24868,6348.0,0.9566792690611217
24874,24110.0,0.866860223973455
24876,4416.0,0.8485054347826086
24878,18037.0,0.8314021178688252
24885,11101.0,0.8174939194667147
24887,7992.0,0.9532032032032032
24891,4269.0,0.9088779573670649
24893,4964.0,0.5862207896857373
24898,9178.0,0.9479189365874918
24909,5000.0,0.47
24914,18290.0,0.9950792782941498
24915,56290.0,0.5684846331497602
24919,18266.0,0.968028030220081
24927,14518.0,1.0
24932,12217.0,0.7917655725628223
24933,9033.0,0.8302889405513119
24934,27469.0,0.7644981615639448
24935,9278.0,0.7684845871955163
24938,4241.0,0.601273284602688
24942,7023.0,0.5553182400683468
24943,33367.0,0.7397428597116912
24958,8767.0,0.872590395802441
24969,2228.0,0.6229802513464991
24992,31321.0,0.27441652565371477
24997,23460.0,0.9708866155157715
25008,8592.0,0.9776536312849162
25027,14484.0,0.8578431372549019
25034,24451.0,0.9880986462721361
25035,5294.0,0.7871174914998111
25037,14973.0,0.6097642423028117
25040,2263.0,0.9394608926204154
25043,7051.0,1.0
25045,10341.0,0.9280533797505077
25053,8250.0,0.996969696969697
25054,19109.0,0.9812130409754566
25068,12938.0,0.7254598856082857
25076,9592.0,0.8955379482902419
25081,2979.0,0.671366230278617
25086,10439.0,0.9771050866941278
25097,8213.0,0.6990137586752709
25103,14123.0,0.7305105147631523
25109,8640.0,1.0
25113,12909.0,0.9190487256952514
25118,16806.0,0.9639414494823277
25122,3742.0,0.6675574559059326
25128,10873.0,0.7975719672583463
25188,28966.0,0.4833252779120348
25233,2325.0,0.08602150537634409
25243,6492.0,0.9981515711645101
25265,2609.0,0.19739363740896895
25931,7870.0,0.39390088945362134
25939,1526.0,0.14482306684141547
25951,16193.0,0.8219601062187365
25957,3000.0,0.4866666666666667
25963,3986.0,0.9528349222277973
25970,2600.0,0.8461538461538461
25977,12607.0,0.9928611089077497
25986,75973.0,0.925328735208561
26008,15124.0,0.62020629463105
26013,1781.0,1.0
26023,522170.0,0.8936506118696975
26034,345367.0,0.577575709317914
26045,227062.0,0.3810435916181484
26056,198876.0,0.5148228041593756
26067,155721.0,0.613872566962709
26078,147574.0,0.7954306314120374
26089,176433.0,0.5138209405269989
26110,144206.0,0.42829701954148924
26121,27500.0,0.5454545454545454
26131,26067.0,0.31265584839068555
26141,397370.0,0.8063769283035962
26152,40634.0,0.35305409263178616
26163,34378.0,0.3781488161033219
26183,18767.0,0.5276282836894549
26194,141554.0,0.528533280585501
26205,40900.0,1.0
26216,15299.0,1.0
26227,15000.0,0.3333333333333333
26238,19700.0,0.6598984771573604
26255,257883.0,0.7063901071416108
26266,20265.0,0.6317295830249198
26273,170000.0,0.9127647058823529
26282,52618.0,0.3489300239461781
26291,27791.0,0.6007340505919182
26299,10200.0,1.0
26306,13856.0,0.17624133949191687
26315,8000.0,0.31875
26322,7625.23,0.6475870236045339
26352,143496.0,1.0
26361,222000.0,0.10926126126126126
26372,10000.0,0.0647
26380,75808.0,0.09086112283663993
26484,675586.0,0.7261532950653211
26496,186357.0,0.5231893623529033
26504,510605.0,0.7465261797279698
26516,415817.0,0.769569305728241
26524,198232.0,0.6252774526817063
26536,242772.0,0.52471042789119
26548,170390.0,0.6970127354891719
26561,191185.0,0.24693359834715067
26573,228129.0,0.6176067049783237
26585,107683.0,0.49610430615788936
26593,188772.0,0.5621649397156357
26601,214314.0,0.686847336151628
26609,125724.0,0.6531608921128822
26617,114659.0,0.597266677713917
26629,70284.0,0.8491548574355472
26641,208208.0,0.5899965419196188
26653,101626.0,0.3552338968374235
26661,142195.0,0.5316501986708393
26669,113984.0,0.6943255193711398
26682,127048.0,0.7407121717775959
26690,116726.0,0.45614516046125114
26706,61000.0,0.7377049180327869
26714,84170.0,0.5769751693002257
26722,160238.0,0.3923476328960671
26734,261390.0,0.7627950571942308
26746,79613.0,0.825995754462211
26772,119710.0,0.7744549327541559
26783,81500.0,0.9202453987730062
26804,75805.0,0.8193390937273267
26815,124795.0,0.6250250410673505
26826,90000.0,0.7
26837,56397.0,0.5768391935741263
26852,85497.0,0.6796495783477783
26871,19500.0,0.7351794871794872
26879,26534.0,0.3492877063390367
27087,42368.0,0.4956807024169184
27090,22799.0,0.4593622527303829
28256,55749.0,0.8968770740282337
28266,24500.0,0.43873469387755104
28269,20820.0,0.7569644572526417
28431,171185.0,0.46716826824780205
28466,76302.0,0.4686770988964903
29036,2664919.4,0.49607166355575333
29059,50611.0,0.40202722728260654
29065,49730.0,0.9998994570681681
29105,51217.0,0.6970537126344768
29108,21000.0,0.7562857142857143
29110,56714.0,0.6171315724512466
29115,11000.0,0.8181818181818182
29171,46051.0,0.3280493366050683
29177,30992.0,0.6072857511615901
29205,27527.0,0.44283794093072254
29208,44823.0,0.6938625259353457
29218,15573.0,0.11963012906954344
29223,51900.0,0.36608863198458574
29231,1518800.0,0.8
29238,13380.0,0.6651718983557549
29248,4000.0,0.86375
29252,8315.0,0.9019843656043295
29255,10200.0,0.5882352941176471
29260,160000.0,0.3376875
29266,141929.0,0.025364795073593134
29271,9409.0,0.3294717823360612
29276,14048.0,0.027833143507972665
29281,22500.0,0.5555555555555556
29283,20259.0,0.8504368428846438
29291,62000.0,0.35035483870967743
29294,12000.0,0.30833333333333335
29299,100410.0,0.7085449656408724
29304,35818.0,0.307108157909431
29308,72323.0,0.4713300056690126
29316,11950.0,0.3079497907949791
29321,8468.0,0.12990080302314597
29326,18500.0,0.3783783783783784
29331,11055.0,0.1118046132971506
29339,4056.0,0.4437869822485207
29348,8172.0,0.7804698972099853
29359,11334.0,0.06405505558496559
29363,12571.0,0.013920929122583725
29372,42989.0,0.30107701970271467
29377,57911.0,0.8115901987532593
29384,10073.0,0.0546014097091234
29390,48500.0,0.5220618556701031
29393,15500.0,0.08148387096774194
29398,114663.0,0.22245188072874422
29403,7200.0,0.24305555555555555
29411,13800.0,0.9203623188405797
29423,22567.0,0.5214250897327957
29430,18000.0,0.5611111111111111
29439,17505.0,0.8514710082833477
29443,18600.0,0.7743010752688172
29457,7575.0,0.6072607260726073
29461,92048.0,0.882039805318964
29471,20367.0,0.21564295183384888
29476,14300.0,1.0
29489,112558.0,0.6817818369196326
29496,16500.0,0.5272727272727272
29500,10795.0,0.37230199166280686
29504,8971.0,0.06242336417344778
29508,37583.0,1.0
29519,10500.0,0.268
29523,28000.0,0.6785714285714286
29529,8500.0,0.6752941176470588
29534,76958.0,0.3547389485173731
29536,13980.0,0.05236051502145923
29544,11792.0,0.38322591587516963
29546,3200.0,0.84375
29548,13638.0,0.18331133597301658
29554,53906.0,0.30061588691425817
29563,12419.0,0.012883484982687817
29571,80196.0,0.6999975061100304
29575,85569.0,0.4016641540744896
29581,122843.0,0.39794697296549253
29587,32409.0,0.45953284581443427
29596,22961.0,0.7403858716954836
29602,28800.0,0.33055555555555555
29606,38536.0,0.3503217770396512
29613,40000.0,0.152325
29625,39311.0,0.11225865533820051
29634,97500.0,0.376574358974359
29640,71411.0,0.4060999005755416
29645,12300.0,0.5203252032520326
29659,19001.0,0.2534603441924109
29663,16900.0,0.38461538461538464
29672,20000.0,0.35
29680,53000.0,0.2875471698113208
29741,75354.0,0.5308278259946386
29745,32047.0,0.30424064655037913
29751,29744.0,0.4807692307692308
29757,31041.0,0.6660545729841177
29759,17895.0,0.822855546241967
29762,367800.0,0.9240864600326264
29767,16890.0,0.583303730017762
29771,120246.0,0.9053689935631954
29773,12033.0,0.9352613645807363
29781,153000.0,0.9255359477124183
29784,17811.0,0.7451574869462692
29802,30096.0,0.9322169059011164
29805,98238.0,0.966866182129115
29808,51696.0,0.9773483441658929
29812,4251.0,1.0
29816,49104.0,0.9033683610296513
29820,4158.0,1.0
29824,43416.0,0.771581905288373
29827,74187.0,0.8023642956313101
29831,80079.0,0.8005344722086939
29835,51717.0,1.0
29839,65280.0,1.0
29843,11844.0,0.7803951367781155
29847,44595.0,0.5945733826662182
29851,26577.0,0.5893253565112692
29855,85900.0,0.5863213038416764
29859,32691.0,0.7006209660151111
29863,47219.0,0.4440246510938394
29867,8304.0,0.4760356454720617
29868,190956.0,0.9527116194306542
29872,7890.0,0.5980988593155894
29875,46668.0,0.5945615839547441
29879,22071.0,0.8756286529835531
29881,47900.0,0.6288726513569938
29885,49989.0,0.7455840284862669
29889,32907.0,1.0
29893,63378.0,0.38093660260658274
29897,40179.0,0.9979093556335399
29901,43929.0,0.7416057729518086
29905,26178.0,1.0
29909,120819.0,0.9954146284938628
30016,12700.0,0.9510236220472441
30020,35295.0,0.11333050007083156
30027,3853.0,0.9257721256164028
30036,129652.0,0.719765217659581
30042,6240.0,0.5068910256410256
30045,3033.0,0.6913946587537092
30047,5451.0,0.9952302329847734
30049,2212.0,0.4511754068716094
30057,6657.0,0.9598918431726002
30065,115779.0,0.10364573886456092
30077,53838.0,0.3385155466399198
30084,21392.0,0.5656320119670905
30086,29938.0,0.28893045627630437
30104,12603.0,0.253907799730223
30112,5817.0,0.5397971462953413
30115,2807.0,0.8193801211257571
30121,3110.0,0.7189710610932476
30123,4947.0,1.0
30136,9956.0,0.8790678987545198
30139,1920.0,0.6661458333333333
30142,7818.0,0.9119979534407777
30159,16072.0,0.1679940268790443
30163,15826.0,0.04107165423985846
30167,7831.0,0.8325884305963478
30169,8192.0,0.9595947265625
30181,2242.0,0.44603033006244425
30195,6408.0,0.29447565543071164
30208,2965.0,0.6070826306913997
30220,2938.0,0.7147719537100068
30241,3796.0,0.31612223393045313
30243,3650.0,0.8386301369863014
30247,2868.0,0.299860529986053
30249,8505.0,0.6178718400940623
30253,8930.0,0.763605823068309
30257,3515.0,0.5061166429587483
30260,6831.0,0.014639145073927683
30265,7609.0,0.3942699434879748
30270,8887.0,0.8902891864521211
30274,3871.0,0.1787651769568587
30279,9417.0,0.02123818625889349
30286,3594.0,0.38953811908736785
30290,5065.0,1.0
30293,8032.0,0.38595617529880477
30304,2400.0,0.5416666666666666
30312,3659.0,0.11751844766329599
30316,1816.0,0.06607929515418502
30321,10588.0,0.9600491122024933
30329,1780.0,0.2247191011235955
30333,5348.0,1.0
30337,3440.0,0.6686046511627907
30345,2814.0,0.5621890547263682
30361,4124.0,0.4922405431619787
30373,10936.0,0.4869239209948793
30380,4717.0,0.635997456010176
30386,20876.0,0.5499616784824679
30406,8773.0,1.0
30410,7682.0,0.9958344181202812
30417,23025.0,0.8697068403908795
30422,4390.0,0.9988610478359908
30424,4839.0,0.9935937177102707
30427,4884.0,0.9332514332514332
30429,1770.0,0.6214689265536724
30432,1740.0,0.10114942528735632
30436,8260.0,0.7285714285714285
30449,4688.0,0.9886945392491467
30452,12284.0,0.32367307066102247
30457,5696.0,0.9524227528089888
30465,9386.0,0.5775623268698061
30474,14579.0,0.9213251937718636
30477,8187.0,0.7059973128129962
30482,3606.0,0.8496949528563505
30493,13378.0,0.9626252055613694
30496,17013.0,0.9670252160112854
30512,19304.0,1.0
30521,3588.0,0.7973801560758083
30550,1733.0,0.20023081361800346
30554,19814.0,0.9134955082265065
30559,13543.0,1.0
30563,5502.0,0.8769538349691022
30567,11438.0,0.8886168910648715
30583,15104.0,0.8935381355932204
30592,6205.0,1.0
30617,7370.0,0.20352781546811397
30620,62785.0,0.17364020068487696
30622,2481.0,0.7980652962515115
30651,3032.0,0.8070580474934037
30703,18478.0,0.42482952700508714
30718,486140.0,0.6154482247912124
30765,3451.0,0.9159663865546218
30918,13500.0,0.12244444444444444
30919,224944.0,0.9625417881783911
30920,284333.0,0.8048590912767776
30950,6410705.0,0.8597155851033544
30951,330639.0,1.0
30952,228000.0,0.9785087719298246
30959,10461.0,0.12427110218908326
30962,5100.0,0.1568627450980392
30964,2500.0,1.0
30966,28931.0,0.1682278524765822
30970,7508.0,0.2685135855087906
30973,56000.0,0.5042857142857143
30978,47433.0,0.5212194042122573
30979,76203.0,0.8792304764904268
30982,17435.0,0.18812733008316604
30986,18700.0,0.48128342245989303
30989,2002.0,0.44955044955044954
31000,7500.0,0.07333333333333333
31006,41220.0,0.1977680737506065
31009,11380.0,0.043936731107205626
31015,28929.0,0.5876456151266894
31022,9000.0,0.18888888888888888
31025,12331.0,0.27661990106236317
31027,24000.0,0.3125
31029,21000.0,0.28809523809523807
31033,27100.0,0.5904059040590406
31035,20000.0,0.15
31041,15000.0,0.6666666666666666
31044,1663.0,0.31870114251352977
31047,40000.0,1.0
31050,8500.0,0.20670588235294118
31056,33000.0,0.02878787878787879
31058,12580.0,0.6136724960254372
31061,14900.0,0.2795302013422819
31064,9623.0,0.7327236828431882
31066,5000.0,0.81
31074,3241672.0,1.0
31075,5159842.0,0.9763715633153108
31089,229457.0,0.6307630623602679
31090,71864.0,1.0
31091,284096.0,0.7952452692047759
31092,75556.0,0.7872703689978294
31093,27300.0,0.8772893772893773
31094,60900.0,0.5916420361247947
31095,490600.0,0.9963310232368529
31128,143283.0,0.9914365277108939
31129,91158.0,0.9035301344917616
31130,89378.0,0.7943789299380161
31131,338876.0,0.31479361182261356
31132,174267.0,0.18434930308090458
31134,453286.0,0.9224882303887612
31135,7015.0,0.6175338560228083
31136,10140.0,0.591715976331361
31137,32454.0,0.5269304246009737
31138,14686.0,0.5271687321258341
31139,2064.0,1.0
31140,19630.0,1.0
31141,14434.0,0.7363863101011501
31142,11896.0,0.44014794889038333
31143,4292.0,0.538210624417521
31144,15619.0,1.0
31145,3666.0,0.39579923622476815
31146,505404.0,0.0209258335905533
31147,40092.0,0.8496707572583059
31148,1677.0,0.7871198568872988
31149,2352.0,0.7920918367346939
31150,231053.0,0.3029607925454333
31151,8501.0,0.3730149394188919
31152,13355.0,1.0
31153,82800.0,0.4291183574879227
31154,1880.0,0.7510638297872341
31155,104401.0,0.01109184777923583
31156,13937.0,0.8300208079213605
31157,11181.0,0.8362400500849656
31158,19186.0,0.7071301991035129
31159,8071.0,0.6411844876719118
31160,23850.0,1.0
31161,5799.0,0.47128815312984995
31162,6935.0,0.7248738284066331
31163,10381.0,0.9033811771505635
31164,117877.0,0.24818242744555766
31166,7320.0,1.0
31167,75462.0,0.7043942646630093
31168,4664.0,0.34305317324185247
31169,12539.0,0.30927506180716163
31170,14413.0,0.6920835356969403
31171,15318.0,0.7211124167645907
31172,14577.0,0.22665843452013446
31173,37317.0,0.5369402685103304
31174,6653.0,0.8576581993085826
31175,15542.0,0.8670055333933857
31176,11684.0,0.7274905854159535
31177,17670.0,0.7052631578947368
31178,23849.0,0.24319677973919243
31179,14934.0,0.6696129637069773
31180,12755.0,0.4581732653861231
31181,49092.0,0.4073983541106494
31182,15214.0,1.0
31183,4134.0,0.5974842767295597
31184,33247.0,0.6412608656420128
31185,11567.0,0.847843001642604
31186,7112.0,0.4780652418447694
31187,5354.0,0.5268957788569294
31188,4121.0,0.4979373938364475
31189,15186.0,0.9998682997497695
31190,15108.0,0.7696584590945195
31191,4825.0,0.46632124352331605
31192,9537.0,0.0742371815036175
31193,16112.0,0.9201837140019861
31195,20261.0,0.5334386259315927
31196,10016.0,0.12290335463258786
31197,25044.0,1.0
31198,4115.0,0.5633049817739976
31199,6684.0,0.994165170556553
31200,189784.0,0.4479302786325507
31201,4920.0,0.34959349593495936
31202,10455.0,0.2328072692491631
31203,11515.0,0.5836734693877551
31204,1218.0,0.5336617405582923
31206,19192.0,0.6038974572738641
31207,6476631.0,0.17912229367397958
31209,27230.0,0.4616599338964378
31210,3116.0,0.5073812580231065
31211,18860.0,0.39766702014846234
31212,13617.0,0.822501285158258
31213,11262.0,0.7819215059492097
31214,22889.0,0.5679584079688934
31215,17098.0,0.2583927944788864
31216,33183.0,0.10173884217822379
31217,5014.0,0.6234543278819306
31218,8164.0,0.7349338559529642
31219,12653.0,0.03951632024025923
31220,7143.0,0.9616407671846563
31221,51997.0,0.8462026655383964
31222,6591.0,0.5810954331664391
31223,8463.0,0.5286541415573673
31224,6031.0,0.8030177416680484
31225,4616.0,0.6442807625649913
31226,5348.0,0.9992520568436799
31227,5593.0,1.0
31228,24469.0,1.0
31229,10506.0,0.4728726442033124
31230,11169.0,0.8058017727639001
31231,4357.0,0.7197613036493
31232,5745.0,0.4134029590948651
31233,2986.0,0.999330207635633
31234,4712.0,0.5564516129032258
31235,3903.0,0.7430181911350243
31236,7308.0,0.4608648056923919
31237,10847.0,1.0
31238,22355.0,0.04871393424289868
31239,8773.0,0.4870625783654394
31240,5156.0,0.9489914662529092
31241,12137.0,0.9983521463294059
31242,15044.0,0.23265089072055303
31243,7397.0,0.5062863322968771
31244,18068.0,0.8086119105601063
31245,14071.0,0.6396133892402814
31246,93572.0,0.1923652374641987
31247,15136.0,0.696419133192389
31248,14784.0,0.7115800865800865
31249,25798.0,0.11628808434762385
31250,8519.0,0.6001878154712994
31251,13307.0,0.7505072518223491
31252,19406.0,0.18035659074513039
31253,6237.0,0.6573673240339907
31254,3950.0,0.620253164556962
31255,18288.0,0.46861329833770776
31256,14606.0,0.784540599753526
31257,5313.0,0.2992659514398645
31258,7717.0,0.6262796423480628
31259,4899.0,0.6489079403959992
31260,10826.0,0.9966746720857196
31261,4643.0,0.38768037906525954
31262,7799.0,1.0
31263,24757.0,0.4296562588358848
31264,7359.0,0.12229922543823889
31265,3974.0,0.24157020634121792
31266,6799.0,0.7574643329901456
31267,11837.0,0.6118104249387514
31268,6824.0,0.4022567409144197
31269,7219.0,0.8231056933093226
31270,5124.0,0.807767369242779
31271,11066.0,0.5557563708657148
31272,12572.0,1.0
31273,7744.0,0.6834969008264463
31274,4275.0,0.7929824561403509
31275,14624.0,0.4171225382932166
31276,2950.0,0.6952542372881356
31277,10895.0,0.05387792565396971
31278,6441.0,0.4657661853749418
31279,3964.0,0.884460141271443
31280,11395.0,1.0
31281,9840.0,0.2845528455284553
31282,3266.0,1.0
31283,29406.0,0.8382983064680677
31284,8478.0,0.7572540693559802
31285,8830.0,0.9674971687429219
31286,20393.0,0.6199676359535135
31287,4784.0,0.5342809364548495
31288,5779.0,0.5999307838726423
31289,1913.0,1.0
31290,26817.0,0.3728977887161129
31291,3179.0,0.49732620320855614
31292,8839.0,0.11313497001923295
31293,4871.0,0.5132416341613631
31294,3023.0,0.5623552762156798
31295,44778.0,0.46898030282728126
31297,6405.0,0.6088992974238876
31298,26464.0,0.5445133010882709
31299,12655.0,0.5539312524693797
31300,8349.0,0.7518265660558151
31301,5617.0,0.886594267402528
31302,17836.0,1.0
31303,7982.0,0.3668253570533701
31304,3323.0,0.9094191995185074
31305,10416.0,0.8421658986175116
31306,15639.0,0.8895709444337874
31307,7103.0,0.9905673659017317
31308,4293.0,0.9096203121360354
31309,4723.0,0.9942832945161973
31310,10742.0,0.48873580338856826
31311,5534.0,0.9750632453921214
31312,17864.0,0.3365427675772503
31313,27273.0,0.9870567960987057
31314,18159.0,0.6068616113222094
31315,11509.0,0.9601181683899557
31316,16775.0,0.5815797317436662
31317,37543.0,0.7579575420184854
31318,32712.0,0.5322817314746882
31319,31178.0,0.884373596766951
31320,13178.0,0.6829564425557748
31321,3875.0,0.472258064516129
31322,3056.0,1.0
31324,4834.0,0.45924700041373606
31325,8563.0,0.9970804624547471
31326,51418.0,0.18388502080983313
31327,4026.0,1.0
31328,14602.0,0.7966716888097521
31329,17939.0,0.844751658397904
31330,7653.0,1.0
31331,10364.0,1.0
31332,20754.0,0.337284378914908
31333,30169.0,0.86960124631244
31334,5003.0,0.5196881870877473
31335,14172.0,1.0
31336,5917.0,0.28730775730944735
31337,12939.0,0.9823015689002241
31338,15278.0,0.9157612252912685
31339,15982.0,0.25028156676260793
31340,10964.0,0.8057278365560014
31341,10586.0,0.20782165123748347
31342,19389.0,0.8025168910206818
31343,18256.0,0.6025416301489921
31344,33464.0,0.7769543389911546
31345,27817.0,0.951792069597728
31346,2563.0,0.3121342177136169
31347,3587.0,0.6097017005854475
31348,6670.0,1.0
31349,6150.0,0.9073170731707317
31350,11654.0,0.9500600652136606
31351,20146.0,0.7942023230417949
31352,7270.0,1.0
31353,33677.0,0.6384179113341449
31354,33365.0,0.6585044208002397
31355,4124.0,0.5363724539282251
31356,12760.0,0.6661442006269592
31357,7756.0,0.765214027849407
31358,12009.0,0.3226746606711633
31359,11553.0,0.22504977062234918
31360,6430.0,0.5942457231726284
31361,7037.0,0.5783714651129743
31362,7238.0,0.7785299806576402
31363,7552.0,0.9533898305084746
31364,5419.0,0.9595866396014024
31365,81330.0,0.5016599040944301
31366,7406.0,1.0
31367,11325.0,0.7064017660044151
31368,84352.0,0.7759152124430956
31369,7796.0,0.6974089276552078
31370,19421.0,0.43870037588177746
31371,17398.0,0.402345097137602
31372,27592.0,0.8335749492606552
31373,14672.0,0.4488822246455834
31374,14568.0,0.4675315760571115
31375,23011.0,0.10429794446134458
31376,6871.0,0.7007713578809489
31377,26454.0,0.37801466696907843
31378,111012.0,0.96175188267935
31379,7665.0,0.593607305936073
31380,9889.0,0.10112245929821014
31381,6634.0,0.7384684956285801
31382,2213.0,0.7004066877541798
31383,2747.0,0.655260283946123
31384,40062.0,0.4468074484548949
31385,58922.0,0.04599300770510166
31386,3765.0,0.49667994687915007
31387,10810.0,0.5635522664199815
31388,5288.0,0.983358547655068
31389,8768.0,0.9942974452554745
31391,9850.0,1.0
31392,26278.0,0.6088743435573484
31393,11797.0,0.7391709756717809
31394,35964.0,0.9314870425981537
31395,11903.0,0.5964882802654793
31396,75812.0,0.04404315939429114
31397,11683.0,0.7151416588205084
31398,3392.0,0.2653301886792453
31399,6070.0,0.3640856672158155
31400,5649.0,1.0
31401,55801.0,0.31253920180641925
31402,27565.0,0.9896245238527118
31403,9402.0,0.055307381408211016
31405,2534.0,0.07892659826361484
31406,2992.0,0.8522727272727273
31407,30175.0,0.10140845070422536
31408,13626.0,0.7433582856304124
31409,6869.0,0.625709710292619
31410,10771.0,0.7239810602543868
31411,33131.0,0.1419214632821225
31412,6975.0,0.410752688172043
31414,43168.0,0.044546886582653815
31415,4961.0,0.7339246119733924
31416,14569.0,0.4907680691880019
31417,2133.0,0.8082512892639475
31418,24842.0,0.45487480879156267
31419,8011.0,0.9966296342529023
31420,26665.0,0.9699981248828051
31421,2424.0,0.47813531353135313
31423,6529.0,0.3216419053453821
31424,6100.0,0.9836065573770492
31425,15013.0,0.7220408978884967
31426,9932.0,0.8402134514699959
31427,49521.0,0.142404232547808
31428,26818.0,0.6510552613916026
31429,23887.0,1.0
31430,12976.0,0.7540073982737361
31431,3396.0,0.251472320376914
31432,18059.0,0.07863115344149732
31433,2309.0,0.996102208748376
31434,10149.0,0.06897231254310769
31435,131976.0,0.4782990846820634
31436,12045.0,0.5231216272312162
31437,38934.0,0.6813838804130067
31438,10976.0,1.0
31439,5544.0,0.21645021645021645
31440,12429.0,0.32850591358918657
31441,10225.0,0.5779951100244499
31442,8434.0,0.4517429452217216
31443,41178.0,0.7662101121958327
31444,37703.0,0.8699042516510622
31445,3470.0,1.0
31446,21204.0,1.0
31447,16788.0,0.7287943769359067
31448,24432.0,0.9823182711198428
31449,8787.0,1.0
31451,15127.0,0.3107027169960997
31452,35432.0,0.5334443440957327
31467,29198.0,0.4008493732447428
31470,9734.0,0.5050339017875488
31474,10584.0,0.5051020408163265
31477,6048.0,0.043154761904761904
31481,39000.0,0.1794871794871795
31485,40836.0,1.0
31497,5507.0,0.1512620301434538
31498,9560.0,0.2615062761506276
31500,3322.0,1.0
31507,3426.0,0.7221249270286048
31510,22988.0,0.908908995997912
31513,3532.0,0.9524348810872028
31514,10441.0,0.7709989464610669
31518,2581.0,0.7202634637737311
31523,6500.0,0.16923076923076924
31528,6000.0,0.06666666666666667
31532,25680.0,1.0
31537,3240.0,0.9567901234567902
31541,3433.0,0.4372269152344888
31562,10997.0,0.8314994998635992
31563,24686.0,0.8911933889654055
31564,2193.0,0.17008663930688556
31679,68260.0,0.31966012305889246
31689,17720.0,0.12302483069977427
31695,236390.0,0.15305215956681756
31912,5600.0,1.0
31915,15000.0,0.9458
31917,10500.0,0.8033333333333333
31919,20722.0,0.25523598108290707
